0,1,2,3,4,5,6,7,8,9,10,11,12,13,14,15,16,17,18,19,20,21,22,23,24,25,26,27,28,29,30,31,32,33,34,35,36,37,38,39,40,41,42,43,44,45,46,47,48,49,50,51,52,53,54,55,56,57,58,59,60,61,62,63,64,65,66,67
Scan Type:,Crossline,Crossline,Crossline,Crossline,Crossline,Crossline,Crossline,Crossline,Crossline,Crossline,Crossline,Crossline,Crossline,Crossline,Crossline,Crossline,Crossline,Crossline,Crossline,Crossline,Crossline,Crossline,Crossline,Crossline,Crossline,Crossline,Crossline,Crossline,Crossline,Crossline,Crossline,Crossline,Crossline,Crossline,Crossline,Crossline,Crossline,Crossline,Crossline,Crossline,Crossline,Crossline,Crossline,Crossline,Crossline,Crossline,Crossline,Crossline,Crossline,Crossline,Crossline,Crossline,Crossline,Crossline,Crossline,Crossline,Crossline,Crossline,Crossline,Crossline,Crossline,Crossline,Crossline,Crossline,Inline,Inline,Inline
Radiation Type:,Photons,Photons,Photons,Photons,Photons,Photons,Photons,Photons,Photons,Photons,Photons,Photons,Photons,Photons,Photons,Photons,Photons,Photons,Photons,Photons,Photons,Photons,Photons,Photons,Photons,Photons,Photons,Photons,Photons,Photons,Photons,Photons,Photons,Photons,Photons,Photons,Photons,Photons,Photons,Photons,Photons,Photons,Photons,Photons,Photons,Photons,Photons,Photons,Photons,Photons,Photons,Photons,Photons,Photons,Photons,Photons,Photons,Photons,Photons,Photons,Photons,Photons,Photons,Photons,Photons,Photons,Photons
Energy:,10 MV (FFF),10 MV (FFF),10 MV (FFF),10 MV (FFF),10 MV (FFF),10 MV (FFF),10 MV (FFF),10 MV (FFF),10 MV (FFF),10 MV (FFF),10 MV (FFF),10 MV (FFF),10 MV (FFF),10 MV (FFF),10 MV (FFF),10 MV (FFF),10 MV (FFF),10 MV (FFF),10 MV (FFF),10 MV (FFF),10 MV (FFF),10 MV (FFF),10 MV (FFF),10 MV (FFF),10 MV (FFF),10 MV (FFF),10 MV (FFF),10 MV (FFF),10 MV (FFF),10 MV (FFF),10 MV (FFF),10 MV (FFF),10 MV (FFF),10 MV (FFF),10 MV (FFF),10 MV (FFF),10 MV (FFF),10 MV (FFF),10 MV (FFF),10 MV (FFF),10 MV (FFF),10 MV (FFF),10 MV (FFF),10 MV (FFF),10 MV (FFF),10 MV (FFF),10 MV (FFF),10 MV (FFF),10 MV (FFF),10 MV (FFF),10 MV (FFF),10 MV (FFF),10 MV (FFF),10 MV (FFF),10 MV (FFF),10 MV (FFF),10 MV (FFF),10 MV (FFF),10 MV (FFF),10 MV (FFF),10 MV (FFF),10 MV (FFF),10 MV (FFF),10 MV (FFF),10 MV (FFF),10 MV (FFF),10 MV (FFF)
Fieldsize:,10 x 10 mm,10 x 10 mm,10 x 10 mm,10 x 10 mm,10 x 10 mm,10 x 10 mm,20 x 20 mm,20 x 20 mm,20 x 20 mm,20 x 20 mm,20 x 20 mm,20 x 20 mm,30 x 30 mm,30 x 30 mm,30 x 30 mm,30 x 30 mm,30 x 30 mm,30 x 30 mm,40 x 40 mm,40 x 40 mm,40 x 40 mm,40 x 40 mm,40 x 40 mm,40 x 40 mm,50 x 50 mm,50 x 50 mm,50 x 50 mm,50 x 50 mm,50 x 50 mm,50 x 50 mm,60 x 60 mm,60 x 60 mm,60 x 60 mm,60 x 60 mm,60 x 60 mm,60 x 60 mm,60 x 60 mm,60 x 60 mm,60 x 60 mm,70 x 70 mm,70 x 70 mm,70 x 70 mm,70 x 70 mm,70 x 70 mm,70 x 70 mm,100 x 100 mm,100 x 100 mm,100 x 100 mm,100 x 100 mm,100 x 100 mm,100 x 100 mm,200 x 200 mm,200 x 200 mm,200 x 200 mm,200 x 200 mm,200 x 200 mm,200 x 200 mm,200 x 200 mm,300 x 300 mm,300 x 300 mm,300 x 300 mm,300 x 300 mm,300 x 300 mm,300 x 300 mm,60 x 60 mm,60 x 60 mm,60 x 60 mm
Depth:,15.0 mm,24.0 mm,50.0 mm,100.0 mm,200.0 mm,300.0 mm,15.0 mm,24.0 mm,50.0 mm,100.0 mm,200.0 mm,300.0 mm,15.0 mm,24.0 mm,50.0 mm,100.0 mm,200.0 mm,300.0 mm,15.0 mm,24.0 mm,50.0 mm,100.0 mm,200.0 mm,300.0 mm,15.0 mm,24.0 mm,50.0 mm,100.0 mm,200.0 mm,300.0 mm,15.0 mm,15.0 mm,24.0 mm,50.0 mm,50.0 mm,100.0 mm,200.0 mm,300.0 mm,300.0 mm,15.0 mm,24.0 mm,50.0 mm,100.0 mm,200.0 mm,300.0 mm,15.0 mm,24.0 mm,50.0 mm,100.0 mm,200.0 mm,300.0 mm,15.0 mm,24.0 mm,50.0 mm,100.0 mm,200.0 mm,300.0 mm,300.0 mm,15.0 mm,24.0 mm,50.0 mm,100.0 mm,200.0 mm,300.0 mm,15.0 mm,50.0 mm,300.0 mm
,Color [ForestGreen],Color [DarkGoldenrod],Color [Gold],Color [Brown],Color [CornflowerBlue],Color [DarkOliveGreen],Color [DarkOrchid],Color [DarkMagenta],Color [DarkGreen],Color [DarkTurquoise],Color [DarkRed],Color [DarkOrange],Color [DarkBlue],Color [DarkCyan],Color [DarkGoldenrod],Color [DarkMagenta],Color [DarkCyan],Color [MediumVioletRed],Color [Blue],Color [MediumVioletRed],Color [DeepPink],Color [Orange],Color [Teal],Color [SlateBlue],Color [ForestGreen],Color [SlateBlue],Color [Gold],Color [Brown],Color [CornflowerBlue],Color [DarkOliveGreen],Color [SlateBlue],Color [DarkOrchid],Color [Teal],Color [Teal],Color [DarkGreen],Color [DarkTurquoise],Color [DarkRed],Color [Blue],Color [DarkOrange],Color [DarkBlue],Color [Orange],Color [DarkGoldenrod],Color [DarkMagenta],Color [DarkCyan],Color [MediumVioletRed],Color [Blue],Color [DeepPink],Color [DeepPink],Color [Orange],Color [Teal],Color [SlateBlue],Color [ForestGreen],Color [Blue],Color [Gold],Color [Brown],Color [CornflowerBlue],Color [DarkOliveGreen],Color [DarkOrange],Color [DarkBlue],Color [ForestGreen],Color [DarkOrchid],Color [DarkGreen],Color [DarkTurquoise],Color [DarkRed],Color [MediumVioletRed],Color [Orange],Color [DeepPink]
Coordinate [mm]:,,,,,,,,,,,,,,,,,,,,,,,,,,,,,,,,,,,,,,,,,,,,,,,,,,,,,,,,,,,,,,,,,,,
-239,,,,,,,,,,,,,,,,,,,,,,,,,,,,,,,,,,,,,,,,,,,,,,,,,,,,,,,,,7.9,,,,,,,8.6,,,
-238,,,,,,,,,,,,,,,,,,,,,,,,,,,,,,,,,,,,,,,,,,,,,,,,,,,,,,,,,,,,,,,,8.8,,,
-237,,,,,,,,,,,,,,,,,,,,,,,,,,,,,,,,,,,,,,,,,,,,,,,,,,,,,,,,,,,,,,,,8.9,,,
-236,,,,,,,,,,,,,,,,,,,,,,,,,,,,,,,,,,,,,,,,,,,,,,,,,,,,,,,,,,,,,,,,9.1,,,
-235,,,,,,,,,,,,,,,,,,,,,,,,,,,,,,,,,,,,,,,,,,,,,,,,,,,,,,,,,,,,,,,,9.3,,,
-234,,,,,,,,,,,,,,,,,,,,,,,,,,,,,,,,,,,,,,,,,,,,,,,,,,,,,,,,,,,,,,,,9.5,,,
-233,,,,,,,,,,,,,,,,,,,,,,,,,,,,,,,,,,,,,,,,,,,,,,,,,,,,,,,,,,,,,,,,9.6,,,
-232,,,,,,,,,,,,,,,,,,,,,,,,,,,,,,,,,,,,,,,,,,,,,,,,,,,,,,,,,,,,,,,,9.8,,,
-231,,,,,,,,,,,,,,,,,,,,,,,,,,,,,,,,,,,,,,,,,,,,,,,,,,,,,,,,,,,,,,,,10,,,
-230,,,,,,,,,,,,,,,,,,,,,,,,,,,,,,,,,,,,,,,,,,,,,,,,,,,,,,,,,,,,,,,,10.2,,,
-229,,,,,,,,,,,,,,,,,,,,,,,,,,,,,,,,,,,,,,,,,,,,,,,,,,,,,,,,,,,,,,,10.1,10.3,,,
-228,,,,,,,,,,,,,,,,,,,,,,,,,,,,,,,,,,,,,,,,,,,,,,,,,,,,,,,,,,,,,,,10.4,10.5,,,
-227,,,,,,,,,,,,,,,,,,,,,,,,,,,,,,,,,,,,,,,,,,,,,,,,,,,,,,,,,,,,,,,10.5,10.6,,,
-226,,,,,,,,,,,,,,,,,,,,,,,,,,,,,,,,,,,,,,,,,,,,,,,,,,,,,,,,,,,,,,,10.6,10.8,,,
-225,,,,,,,,,,,,,,,,,,,,,,,,,,,,,,,,,,,,,,,,,,,,,,,,,,,,,,,,,,,,,,,10.7,10.9,,,
-224,,,,,,,,,,,,,,,,,,,,,,,,,,,,,,,,,,,,,,,,,,,,,,,,,,,,,,,,,,,,,,,10.9,11.1,,,
-223,,,,,,,,,,,,,,,,,,,,,,,,,,,,,,,,,,,,,,,,,,,,,,,,,,,,,,,,,,,,,,,11.1,11.2,,,
-222,,,,,,,,,,,,,,,,,,,,,,,,,,,,,,,,,,,,,,,,,,,,,,,,,,,,,,,,,,,,,,,11.3,11.4,,,
-221,,,,,,,,,,,,,,,,,,,,,,,,,,,,,,,,,,,,,,,,,,,,,,,,,,,,,,,,,,,,,,,11.5,11.6,,,
-220,,,,,,,,,,,,,,,,,,,,,,,,,,,,,,,,,,,,,,,,,,,,,,,,,,,,,,,,,,,,,,,11.7,11.8,,,
-219,,,,,,,,,,,,,,,,,,,,,,,,,,,,,,,,,,,,,,,,,,,,,,,,,,,,,,,,,,,,,,,12,12,,,
-218,,,,,,,,,,,,,,,,,,,,,,,,,,,,,,,,,,,,,,,,,,,,,,,,,,,,,,,,,,,,,,,12.3,12.3,,,
-217,,,,,,,,,,,,,,,,,,,,,,,,,,,,,,,,,,,,,,,,,,,,,,,,,,,,,,,,,,,,,,,12.4,12.5,,,
-216,,,,,,,,,,,,,,,,,,,,,,,,,,,,,,,,,,,,,,,,,,,,,,,,,,,,,,,,,,,,,,,12.5,12.7,,,
-215,,,,,,,,,,,,,,,,,,,,,,,,,,,,,,,,,,,,,,,,,,,,,,,,,,,,,,,,,,,,,,,12.7,12.9,,,
-214,,,,,,,,,,,,,,,,,,,,,,,,,,,,,,,,,,,,,,,,,,,,,,,,,,,,,,,,,,,,,,10,13,13.2,,,
-213,,,,,,,,,,,,,,,,,,,,,,,,,,,,,,,,,,,,,,,,,,,,,,,,,,,,,,,,,,,,,,10.1,13.3,13.4,,,
-212,,,,,,,,,,,,,,,,,,,,,,,,,,,,,,,,,,,,,,,,,,,,,,,,,,,,,,,,,,,,,,10.3,13.5,13.6,,,
-211,,,,,,,,,,,,,,,,,,,,,,,,,,,,,,,,,,,,,,,,,,,,,,,,,,,,,,,,,,,,,,10.5,13.7,13.8,,,
-210,,,,,,,,,,,,,,,,,,,,,,,,,,,,,,,,,,,,,,,,,,,,,,,,,,,,,,,,,,,,,,10.7,13.9,13.9,,,
-209,,,,,,,,,,,,,,,,,,,,,,,,,,,,,,,,,,,,,,,,,,,,,,,,,,,,,,,,,,,,,,10.9,14,14.3,,,
-208,,,,,,,,,,,,,,,,,,,,,,,,,,,,,,,,,,,,,,,,,,,,,,,,,,,,,,,,,,,,,,11.1,14.1,14.7,,,
-207,,,,,,,,,,,,,,,,,,,,,,,,,,,,,,,,,,,,,,,,,,,,,,,,,,,,,,,,,,,,,8.4,11.3,14.5,15,,,
-206,,,,,,,,,,,,,,,,,,,,,,,,,,,,,,,,,,,,,,,,,,,,,,,,,,,,,,,,,,,,,8.6,11.5,14.8,15.3,,,
-205,,,,,,,,,,,,,,,,,,,,,,,,,,,,,,,,,,,,,,,,,,,,,,,,,,,,,,,,,,,,,8.8,11.6,15.2,15.5,,,
-204,,,,,,,,,,,,,,,,,,,,,,,,,,,,,,,,,,,,,,,,,,,,,,,,,,,,,,,,,,,,,8.9,11.9,15.6,15.8,,,
-203,,,,,,,,,,,,,,,,,,,,,,,,,,,,,,,,,,,,,,,,,,,,,,,,,,,,,,,,,,,,8.1,9.1,12.2,15.8,16.4,,,
-202,,,,,,,,,,,,,,,,,,,,,,,,,,,,,,,,,,,,,,,,,,,,,,,,,,,,,,,,,,,10.6,8.3,9.2,12.4,16,17,,,
-201,,,,,,,,,,,,,,,,,,,,,,,,,,,,,,,,,,,,,,,,,,,,,,,,,,,,,,,,,,,10.8,8.4,9.4,12.5,16.3,17.8,,,
-200,,,,,,,,,,,,,,,,,,,,,,,,,,,,,,,,,,,,,,,,,,,,,,,,,,,,,,,,,,,10.9,8.5,9.5,12.8,16.6,18.7,,,
-199,,,,,,,,,,,,,,,,,,,,,,,,,,,,,,,,,,,,,,,,,,,,,,,,,,,,,,,,,,,11,8.6,9.7,13.2,17,20,,,
-198,,,,,,,,,,,,,,,,,,,,,,,,,,,,,,,,,,,,,,,,,,,,,,,,,,,,,,,,,,,11.1,8.8,9.7,13.3,17.4,21.5,,,
-197,,,,,,,,,,,,,,,,,,,,,,,,,,,,,,,,,,,,,,,,,,,,,,,,,,,,,,,,,,,11.4,9,9.8,13.5,17.8,24.1,,,
-196,,,,,,,,,,,,,,,,,,,,,,,,,,,,,,,,,,,,,,,,,,,,,,,,,,,,,,,,,,,11.6,9.2,10,13.7,18.2,28.1,,,
-195,,,,,,,,,,,,,,,,,,,,,,,,,,,,,,,,,,,,,,,,,,,,,,,,,,,,,,,,,,,11.8,9.3,10.2,14,18.5,34.3,,,
-194,,,,,,,,,,,,,,,,,,,,,,,,,,,,,,,,,,,,,,,,,,,,,,,,,,,,,,,,,,,12,9.4,10.5,14.3,18.7,41.7,,,
-193,,,,,,,,,,,,,,,,,,,,,,,,,,,,,,,,,,,,,,,,,,,,,,,,,,,,,,,,,,,12.2,9.6,10.8,14.6,19.1,48.9,,,
-192,,,,,,,,,,,,,,,,,,,,,,,,,,,,,,,,,,,,,,,,,,,,,,,,,,,,,,,,,,,12.3,9.7,10.9,15,19.6,53.7,,,
-191,,,,,,,,,,,,,,,,,,,,,,,,,,,,,,,,,,,,,,,,,,,,,,,,,,,,,,,,,,,12.5,9.9,11.1,15.3,20.1,56.3,,,
-190,,,,,,,,,,,,,,,,,,,,,,,,,,,,,,,,,,,,,,,,,,,,,,,,,,,,,,,,,,,12.7,10.1,11.3,15.7,20.7,58.5,,,
-189,,,,,,,,,,,,,,,,,,,,,,,,,,,,,,,,,,,,,,,,,,,,,,,,,,,,,,,,,,,12.9,10.3,11.5,16,21.4,59.7,,,
-188,,,,,,,,,,,,,,,,,,,,,,,,,,,,,,,,,,,,,,,,,,,,,,,,,,,,,,,,,,,13.1,10.4,11.7,16.4,22.2,60.8,,,
-187,,,,,,,,,,,,,,,,,,,,,,,,,,,,,,,,,,,,,,,,,,,,,,,,,,,,,,,,,,,13.4,10.6,12,16.9,23.2,61.6,,,
-186,,,,,,,,,,,,,,,,,,,,,,,,,,,,,,,,,,,,,,,,,,,,,,,,,,,,,,,,,,,13.6,10.8,12.2,17.2,24.3,62.3,,,
-185,,,,,,,,,,,,,,,,,,,,,,,,,,,,,,,,,,,,,,,,,,,,,,,,,,,,,,,,,,,13.8,11,12.4,17.4,25.6,63.2,,,
-184,,,,,,,,,,,,,,,,,,,,,,,,,,,,,,,,,,,,,,,,,,,,,,,,,,,,,,,,,,,14.1,11.2,12.8,17.8,27.3,64,,,
-183,,,,,,,,,,,,,,,,,,,,,,,,,,,,,,,,,,,,,,,,,,,,,,,,,,,,,,,,,,,14.4,11.5,13,18.3,29.8,64.7,,,
-182,,,,,,,,,,,,,,,,,,,,,,,,,,,,,,,,,,,,,,,,,,,,,,,,,,,,,,,,,,,14.7,11.7,13.3,18.7,33.7,65.3,,,
-181,,,,,,,,,,,,,,,,,,,,,,,,,,,,,,,,,,,,,,,,,,,,,,,,,,,,,,,,,,,14.9,12,13.6,19.2,40.3,65.7,,,
-180,,,,,,,,,,,,,,,,,,,,,,,,,,,,,,,,,,,,,,,,,,,,,,,,,,,,,,,,,,,15.2,12.3,13.9,19.8,51,66.2,,,
-179,,,,,,,,,,,,,,,,,,,,,,,,,,,,,,,,,,,,,,,,,,,,,,,,,,,,,,,,,,7.9,15.5,12.5,14.3,20.3,64.9,66.7,,,
-178,,,,,,,,,,,,,,,,,,,,,,,,,,,,,,,,,,,,,,,,,,,,,,,,,,,,,,,,,,8,15.7,12.8,14.7,21,78,67.3,,,
-177,,,,,,,,,,,,,,,,,,,,,,,,,,,,,,,,,,,,,,,,,,,,,,,,,,,,,,,,,,8.2,15.9,13,15.1,21.6,87,67.7,,,
-176,,,,,,,,,,,,,,,,,,,,,,,,,,,,,,,,,,,,,,,,,,,,,,,,,,,,,,,,,,8.3,16.1,13.3,15.5,22.3,91.9,68.2,,,
-175,,,,,,,,,,,,,,,,,,,,,,,,,,,,,,,,,,,,,,,,,,,,,,,,,,,,,,,,,,8.3,16.5,13.6,15.9,23.1,95.1,68.7,,,
-174,,,,,,,,,,,,,,,,,,,,,,,,,,,,,,,,,,,,,,,,,,,,,,,,,,,,,,,,,,8.4,16.9,13.9,16.4,24.2,96.7,69.2,,,
-173,,,,,,,,,,,,,,,,,,,,,,,,,,,,,,,,,,,,,,,,,,,,,,,,,,,,,,,,,,8.6,17.3,14.3,16.8,25.4,98.6,69.6,,,
-172,,,,,,,,,,,,,,,,,,,,,,,,,,,,,,,,,,,,,,,,,,,,,,,,,,,,,,,,,,8.8,17.8,14.6,17.4,26.8,100.1,70.1,,,
-171,,,,,,,,,,,,,,,,,,,,,,,,,,,,,,,,,,,,,,,,,,,,,,,,,,,,,,,,,,9,18.2,15,18,28.5,101.4,70.6,,,
-170,,,,,,,,,,,,,,,,,,,,,,,,,,,,,,,,,,,,,,,,,,,,,,,,,,,,,,,,,,9.1,18.5,15.3,18.6,30.6,102.8,71,,,
-169,,,,,,,,,,,,,,,,,,,,,,,,,,,,,,,,,,,,,,,,,,,,,,,,,,,,,,,,9.7,,9.3,18.9,15.8,19.3,33.4,103.7,71.4,,,
-168,,,,,,,,,,,,,,,,,,,,,,,,,,,,,,,,,,,,,,,,,,,,,,,,,,,,,,,,9.9,,9.4,19.4,16.3,20.1,37.5,104.6,71.7,,,
-167,,,,,,,,,,,,,,,,,,,,,,,,,,,,,,,,,,,,,,,,,,,,,,,,,,,,,,,,10.1,,9.6,19.8,16.7,21,44.4,105.5,72,,,
-166,,,,,,,,,,,,,,,,,,,,,,,,,,,,,,,,,,,,,,,,,,,,,,,,,,,,,,,,10.4,,9.7,20.2,17.2,22.2,56.4,106.3,72.3,,,
-165,,,,,,,,,,,,,,,,,,,,,,,,,,,,,,,,,,,,,,,,,,,,,,,,,,,,,,,,10.5,,9.9,20.6,17.9,23.5,77.5,107.2,73,,,
-164,,,,,,,,,,,,,,,,,,,,,,,,,,,,,,,,,,,,,,,,,,,,,,,,,,,,,,,,10.7,,10.1,21,18.7,25.1,105.3,108.2,73.6,,,
-163,,,,,,,,,,,,,,,,,,,,,,,,,,,,,,,,,,,,,,,,,,,,,,,,,,,,,,,,10.8,,10.2,21.6,19.6,27.4,129.1,108.9,73.9,,,
-162,,,,,,,,,,,,,,,,,,,,,,,,,,,,,,,,,,,,,,,,,,,,,,,,,,,,,,,,11,,10.3,22.3,20.6,30.6,143,109.7,74.1,,,
-161,,,,,,,,,,,,,,,,,,,,,,,,,,,,,,,,,,,,,,,,,,,,,,,,,,,,,,,,11.2,,10.5,23.1,21.7,34.8,150.4,110.4,74.7,,,
-160,,,,,,,,,,,,,,,,,,,,,,,,,,,,,,,,,,,,,,,,,,,,,,,,,,,,,,,,11.3,,10.8,24,23.4,41.7,155.4,111.2,75.3,,,
-159,,,,,,,,,,,,,,,,,,,,,,,,,,,,,,,,,,,,,,,,,,,,,,,,,,,,,,,9.1,11.6,,11,25.4,25.6,53.7,159,111.8,75.6,,,
-158,,,,,,,,,,,,,,,,,,,,,,,,,,,,,,,,,,,,,,,,,,,,,,,,,,,,,,,9.4,11.9,,11.1,26.9,28.7,77.1,161.9,112.4,75.7,,,
-157,,,,,,,,,,,,,,,,,,,,,,,,,,,,,,,,,,,,,,,,,,,,,,,,,,,,,,,9.6,12.1,,11.3,29.5,33.4,112.7,164,113.1,76.1,,,
-156,,,,,,,,,,,,,,,,,,,,,,,,,,,,,,,,,,,,,,,,,,,,,,,,,,,,,,,9.8,12.3,,11.6,33.1,41,149.9,165.9,113.9,76.7,,,
-155,,,,,,,,,,,,,,,,,,,,,,,,,,,,,,,,,,,,,,,,,,,,,,,,,,,,,,,10,12.6,,11.8,39.2,56.3,175.8,167.8,114.8,77.1,,,
-154,,,,,,,,,,,,,,,,,,,,,,,,,,,,,,,,,,,,,,,,,,,,,,,,,,,,,,7.6,10.2,12.9,,12.1,50.2,84.8,188.7,169.8,115.7,77.4,,,
-153,,,,,,,,,,,,,,,,,,,,,,,,,,,,,,,,,,,,,,,,,,,,,,,,,,,,,,7.7,10.3,13,,12.3,75.4,130.1,196.2,171.4,116.2,77.8,,,
-152,,,,,,,,,,,,,,,,,,,,,,,,,,,,,,,,,,,,,,,,,,,,,,,,,,,,,7.4,7.9,10.4,13.1,,12.5,116.5,173.8,201.1,172.4,116.5,78.2,,,
-151,,,,,,,,,,,,,,,,,,,,,,,,,,,,,,,,,,,,,,,,,,,,,,,,,,,,9.1,7.5,8.2,10.6,13.4,,12.8,164.6,200.9,205.1,173.4,117.3,78.6,,,
-150,,,,,,,,,,,,,,,,,,,,,,,,,,,,,,,,,,,,,,,,,,,,,,,,,,,,9.2,7.6,8.2,10.8,13.7,,13.1,200.7,214.3,207.9,174.8,118.1,78.9,,,
-149,,,,,,,,,,,,,,,,,,,,,,,,,,,,,,,,,,,,,,,,,,,,,,,,,,,,9.4,7.7,8.1,11,14,,13.3,216.6,222.1,210.8,176.1,118.9,79.3,,,
-148,,,,,,,,,,,,,,,,,,,,,,,,,,,,,,,,,,,,,,,,,,,,,,,,,,,,9.7,7.8,8.3,11.3,14.3,,13.4,225,227.5,213.3,177.5,119.6,79.7,,,
-147,,,,,,,,,,,,,,,,,,,,,,,,,,,,,,,,,,,,,,,,,,,,,,,,,,,,9.9,8,8.5,11.5,14.6,,13.7,229.5,231.3,215,179,120.3,80.2,,,
-146,,,,,,,,,,,,,,,,,,,,,,,,,,,,,,,,,,,,,,,,,,,,,,,,,,,,10.1,8.1,8.7,11.8,14.9,,14.1,233.3,234.4,216.6,180.2,121,80.6,,,
-145,,,,,,,,,,,,,,,,,,,,,,,,,,,,,,,,,,,,,,,,,,,,,,,,,,,,10.2,8.2,9,12,15.2,,14.4,235.8,236.9,218.6,181.4,121.8,81,,,
-144,,,,,,,,,,,,,,,,,,,,,,,,,,,,,,,,,,,,,,,,,,,,,,,,,,,,10.3,8.3,9.1,12.2,15.4,,14.8,238.4,238.9,220.3,182.5,122.6,81.4,,,
-143,,,,,,,,,,,,,,,,,,,,,,,,,,,,,,,,,,,,,,,,,,,,,,,,,,,,10.5,8.5,9.3,12.6,15.7,,15.1,240.1,240.9,221.8,183.5,123.2,81.8,,,
-142,,,,,,,,,,,,,,,,,,,,,,,,,,,,,,,,,,,,,,,,,,,,,,,,,,,,10.6,8.7,9.5,12.9,16.1,,15.5,241.9,242.9,223.6,184.4,123.7,82.3,,,
-141,,,,,,,,,,,,,,,,,,,,,,,,,,,,,,,,,,,,,,,,,,,,,,,,,,,,10.8,8.9,9.7,13.2,16.5,,15.9,243.2,244.2,224.9,185.4,124.4,82.8,,,
-140,,,,,,,,,,,,,,,,,,,,,,,,,,,,,,,,,,,,,,,,,,,,,,,,,,,,11,9.1,9.9,13.4,17,,16.4,245.3,246,226.3,187,125.2,83.4,,,
-139,,,,,,,,,,,,,,,,,,,,,,,,,,,,,,,,,,,,,,,,,,,,,,,,,,,,11.3,9.2,10,13.8,17.3,,16.9,246.7,247.4,227.6,188.3,125.7,83.9,,,
-138,,,,,,,,,,,,,,,,,,,,,,,,,,,,,,,,,,,,,,,,,,,,,,,,,,,,11.5,9.4,10.3,14.2,17.6,,17.5,248.2,249,228.9,189.4,126.2,84.3,,,
-137,,,,,,,,,,,,,,,,,,,,,,,,,,,,,,,,,,,,,,,,,,,,,,,,,,,,11.7,9.7,10.6,14.5,18.1,,18.3,249.5,250.8,230.2,190.3,127,84.6,,,
-136,,,,,,,,,,,,,,,,,,,,,,,,,,,,,,,,,,,,,,,,,,,,,,,,,,,,11.8,10,10.8,14.7,18.5,,19.2,250.7,252.1,231.3,191.3,127.9,84.8,,,
-135,,,,,,,,,,,,,,,,,,,,,,,,,,,,,,,,,,,,,,,,,,,,,,,,,,,,12,10,11,15,19,,20.4,252.1,253.4,232.5,192.2,128.5,85.2,,,
-134,,,,,,,,,,,,,,,,,,,,,,,,,,,,,,,,,,,,,,,,,,,,,,,,,,,,12.3,10.2,11.2,15.4,19.4,,21.9,253.4,254.9,234.1,193,129.1,85.7,,,
-133,,,,,,,,,,,,,,,,,,,,,,,,,,,,,,,,,,,,,,,,,,,,,,,,,,,,12.6,10.4,11.5,15.9,19.9,,23.9,254.8,256.4,235.8,193.8,129.7,86.1,,,
-132,,,,,,,,,,,,,,,,,,,,,,,,,,,,,,,,,,,,,,,,,,,,,,,,,,,,12.8,10.6,11.9,16.4,20.5,,27.4,256.2,257.5,236.8,195,130.3,86.5,,,
-131,,,,,,,,,,,,,,,,,,,,,,,,,,,,,,,,,,,,,,,,,,,,,,,,,,,,13,10.9,12.2,16.8,21.1,,32.5,257.8,258.8,237.9,196.3,130.9,86.9,,,
-130,,,,,,,,,,,,,,,,,,,,,,,,,,,,,,,,,,,,,,,,,,,,,,,,,,,,13.3,11.2,12.5,17,21.7,,40.9,259.3,260.2,239,197.3,131.6,87.3,,,
-129,,,,,,,,,,,,,,,,,,,,,,,,,,,,,,,,,,,,,,,,,,,,,,,,,,,,13.6,11.5,12.8,17.6,22.6,,50.9,260.5,261.6,240.2,198.2,132.3,87.7,,,
-128,,,,,,,,,,,,,,,,,,,,,,,,,,,,,,,,,,,,,,,,,,,,,,,,,,,,14,11.7,13.1,18.1,23.7,,60,261.7,263.1,241.6,199.5,133,88.1,,,
-127,,,,,,,,,,,,,,,,,,,,,,,,,,,,,,,,,,,,,,,,,,,,,,,,,,,,14.3,11.9,13.4,18.7,24.8,,66.4,263,264.5,243,200.8,133.7,88.6,,,
-126,,,,,,,,,,,,,,,,,,,,,,,,,,,,,,,,,,,,,,,,,,,,,,,,,,,,14.5,12.2,13.8,19.2,26,,69.9,264.3,265.7,244.4,201.8,134.3,89.1,,,
-125,,,,,,,,,,,,,,,,,,,,,,,,,,,,,,,,,,,,,,,,,,,,,,,,,,,,14.7,12.5,14.3,19.9,27.8,,72.6,265.6,267.1,245.7,202.8,135,89.5,,,
-124,,,,,,,,,,,,,,,,,,,,,,,,,,,,,,,,,,,,,,,,,,,,,,,,,,,,15.1,12.8,14.8,20.5,30.4,,74.2,267.1,268.5,246.8,203.7,135.6,90,,,
-123,,,,,,,,,,,,,,,,,,,,,,,,,,,,,,,,,,,,,,,,,,,,,,,,,,,,15.5,13.1,15.2,21.3,33.9,,75.6,269.1,269.9,248.1,204.5,136.2,90.3,,,
-122,,,,,,,,,,,,,,,,,,,,,,,,,,,,,,,,,,,,,,,,,,,,,,,,,,,,15.8,13.4,15.7,22.1,39.3,,77,270.3,271.4,249.4,205.7,136.7,90.6,,,
-121,,,,,,,,,,,,,,,,,,,,,,,,,,,,,,,,,,,,,,,,,,,,,,,,,,,,16.2,13.8,16.3,23.1,48.8,,78,271.8,272.8,250.8,207,137.5,91,,,
-120,,,,,,,,,,,,,,,,,,,,,,,,,,,,,,,,,,,,,,,,,,,,,,,,,,,,16.5,14.2,16.8,24.1,63.9,,78.9,273.2,274.2,252.2,208.2,138.3,91.5,,,
-119,,,,,,,,,,,,,,,,,,,,,,,,,,,,,,,,,,,,,,,,,,,,,,,,,,,,16.9,14.6,17.3,25.3,82.4,,79.7,274.4,275.6,253.6,209.4,139,91.9,,,
-118,,,,,,,,,,,,,,,,,,,,,,,,,,,,,,,,,,,,,,,,,,,,,,,,,,,,17.3,15.1,18.1,26.6,98.4,,80.5,275.6,277,254.8,210.5,139.8,92.2,,,
-117,,,,,,,,,,,,,,,,,,,,,,,,,,,,,,,,,,,,,,,,,,,,,,,,,,,,17.7,15.6,18.8,28.3,108.5,,81.2,277.1,278.8,256.1,211.5,140.6,92.7,,,
-116,,,,,,,,,,,,,,,,,,,,,,,,,,,,,,,,,,,,,,,,,,,,,,,,,,,,18.2,16.1,19.8,30.3,113.9,,82,278.8,280.2,257.6,212.8,141.4,93.3,,,
-115,,,,,,,,,,,,,,,,,,,,,,,,,,,,,,,,,,,,,,,,,,,,,,,,,,,,18.6,16.7,20.8,32.9,118,,82.6,279.7,281.4,259,214.1,142.1,93.8,,,
-114,,,,,,,,,,,,,,,,,,,,,,,,,,,,,,,,,,,,,,,,,,,,,,,,,,,5.5,19.2,17.3,22.1,36.6,120.7,,83.2,280.9,282.8,260.3,215.1,142.8,94.4,,,
-113,,,,,,,,,,,,,,,,,,,,,,,,,,,,,,,,,,,,,,,,,,,,,,,,,,,5.6,19.8,18.1,23.6,42.2,123.2,,83.7,282.7,284,261.6,216.1,143.3,94.8,,,
-112,,,,,,,,,,,,,,,,,,,,,,,,,,,,,,,,,,,,,,,,,,,,,,,,,,,5.7,20.4,19,25.4,50.8,124.9,,84.3,283.9,285.2,262.9,217.1,143.7,95.2,,,
-111,,,,,,,,,,,,,,,,,,,,,,,,,,,,,,,,,,,,,,,,,,,,,,,,,,,5.8,21.1,20.2,27.8,65.8,126.8,,84.9,285.3,287.1,264.1,218.2,144.6,95.5,,,
-110,,,,,,,,,,,,,,,,,,,,,,,,,,,,,,,,,,,,,,,,,,,,,,,,,,,6,22.2,21.7,30.8,93.2,128.1,,85.5,286.8,288.6,265.6,219.5,145.7,95.8,,,
-109,,,,,,,,,,,,,,,,,,,,,,,,,,,,,,,,,,,,,,,,,,,,,,,,,,6.6,6.1,23.3,23.7,35.7,129.5,129.6,,86.1,288.5,290.1,267.3,220.9,146.5,96.3,,,
-108,,,,,,,,,,,,,,,,,,,,,,,,,,,,,,,,,,,,,,,,,,,,,,,,,,6.8,6.1,24.8,26.4,42.4,161.2,131.1,,86.8,289.9,291.7,268.7,221.9,147.1,96.9,,,
-107,,,,,,,,,,,,,,,,,,,,,,,,,,,,,,,,,,,,,,,,,,,,,,,,,,6.9,6.2,26.9,30.3,53.7,179.1,132.2,,87.3,291.5,293.1,269.9,222.9,147.7,97.4,,,
-106,,,,,,,,,,,,,,,,,,,,,,,,,,,,,,,,,,,,,,,,,,,,,,,,,,7,6.4,30.4,35.9,74.6,188.2,133.3,,87.8,293.2,294.4,271.3,224.2,148.2,97.9,,,
-105,,,,,,,,,,,,,,,,,,,,,,,,,,,,,,,,,,,,,,,,,,,,,,,,,5.9,7.1,6.5,35.3,44.6,114.4,194.6,134.5,,88.5,294.8,296.2,272.9,225.7,148.9,98.2,,,
-104,,,,,,,,,,,,,,,,,,,,,,,,,,,,,,,,,,,,,,,,,,,,,,,,,6.2,7.3,6.7,44.4,60.8,166.6,199.6,135.8,,89.2,296.2,297.9,274.1,226.6,149.7,98.5,,,
-103,,,,,,,,,,,,,,,,,,,,,,,,,,,,,,,,,,,,,,,,,,,,,,,,,6.4,7.4,6.8,61.1,92.7,208.9,203.2,136.8,,89.8,297.6,299.1,275.5,227.4,150.5,98.9,,,
-102,,,,,,,,,,,,,,,,,,,,,,,,,,,,,,,,,,,,,,,,,,,,,,,,4.8,6.5,7.5,7,99.7,146.3,231.1,206.3,137.8,,90.5,299.4,300.4,276.9,228.4,151.3,99.4,,,
-101,,,,,,,,,,,,,,,,,,,,,,,,,,,,,,,,,,,,,,,,,,,,,,,4.6,4.9,6.6,7.7,7.2,158,205.5,242.6,208.8,138.6,,90.8,300.6,302.4,278.3,229.4,152.2,99.8,,,
-100,,,,,,,,,,,,,,,,,,,,,,,,,,,,,,,,,,,,,,,,,,,,,,5.6,4.8,5,6.8,8,7.4,217.4,246.1,250,211,139.3,,91,302.1,304.4,279.7,230.6,153.2,100.2,,,
-99,,,,,,,,,,,,,,,,,,,,,,,,,,,,,,,,,,,,,,,,,,,,,,5.7,4.9,5,6.9,8.2,7.5,255.1,266.4,256,213.9,140.2,,91.7,304,306,281.4,231.8,153.9,100.6,,,
-98,,,,,,,,,,,,,,,,,,,,,,,,,,,,,,,,,,,,,,,,,,,,,,5.7,4.9,5.1,7.1,8.4,7.7,271.9,277.1,260.6,215.4,141.2,,92.4,305.5,307.4,283.1,233.3,154.5,101,,,
-97,,,,,,,,,,,,,,,,,,,,,,,,,,,,,,,,,,,,,,,,,,,,,,5.7,5,5.3,7.2,8.5,7.9,280.9,284.7,264.4,217.4,142.2,,92.9,307.4,309.1,284.3,234.8,155.3,101.7,,,
-96,,,,,,,,,,,,,,,,,,,,,,,,,,,,,,,,,,,,,,,,,,,,,,5.9,5.1,5.4,7.4,8.6,8,286.5,290,267.2,219.6,143.1,,93.3,309,310.9,285.5,235.7,156.1,102.6,,,
-95,,,,,,,,,,,,,,,,,,,,,,,,,,,,,,,,,,,,,,,,,,,,,3.6,6,5.2,5.5,7.6,8.9,8.2,291,294.5,270.3,221.4,144.2,,93.8,310.3,312.4,286.8,236.5,156.8,103.1,,,
-94,,,,,,,,,,,,,,,,,,,,,,,,,,,,,,,,,,,,,,,,,,,,,3.8,6.2,5.4,5.7,7.8,9.1,8.3,294.3,297.9,273.1,222.8,145.2,,94.2,312.3,314.3,288.2,237.9,157.5,103.5,,,
-93,,,,,,,,,,,,,,,,,,,,,,,,,,,,,,,,,,,,,,,,,,,,,3.9,6.3,5.5,5.8,7.9,9.4,8.4,297.3,300.9,275.5,224.7,146.3,,94.9,314.1,316.1,290,239.3,158.2,103.8,,,
-92,,,,,,,,,,,,,,,,,,,,,,,,,,,,,,,,,,,,,,,,,,,,,3.9,6.4,5.6,5.9,8.2,9.7,8.6,299.7,304,278.1,226.3,147.4,,95.6,315.5,317.5,291.9,240.4,159,104.2,,,
-91,,,,,,,,,,,,,,,,,,,,,,,,,,,,,,,,,,,,,,,,,,,,4.8,4,6.6,5.7,6.1,8.4,10,8.8,302,306.7,280.4,227.6,148.2,,96.3,316.4,319.2,293.3,241.5,159.8,104.7,,,
-90,,,,,,,,,,,,,,,,,,,,,,,,,,,,,,,,,,,,,,,,,,,,4.9,4.3,6.7,5.8,6.3,8.6,10.4,9.1,304.3,309.1,282.4,229.7,148.8,,97,318.8,320.8,294.9,243.1,160.6,105.3,,,
-89,,,,,,,,,,,,,,,,,,,,,,,,,,,,,,,,,,,,,,,,,,,,5,4.4,6.8,5.9,6.5,8.9,10.6,9.4,306.5,311.2,284.3,231.3,149.8,,97.6,320.5,322.1,296.6,244.7,161.4,105.8,,,1.2
-88,,,,,,,,,,,,,,,,,,,,,,,,,,,,,,,,,,,,,,0.8,3.3,,,,4.2,5.1,4.4,7,6,6.6,9.2,10.7,9.5,308.5,313,286.4,232.8,150.8,,98.1,322.1,323.7,298.5,245.9,162.2,106.4,,,0.9
-87,,,,,,,,,,,,,,,,,,,,,,,,,,,,,,,,,,,,,,0.8,3.4,,,,4.3,5.1,4.4,7.2,6.2,6.7,9.4,11,9.7,310.3,315.4,288.2,234.1,151.8,,98.6,323.4,325.4,300.2,247,163,106.8,,,1
-86,,,,,,,,,,,,,,,,,,,,,,,,,,,,,,,,,,,,,,0.9,3.5,,,3.5,4.4,5.2,4.6,7.4,6.3,6.8,9.7,11.4,9.9,312.5,317.4,290.6,235.9,152.9,,99.1,325.5,327.2,301.6,248.2,163.8,107.2,,,1.1
-85,,,,,,,,,,,,,,,,,,,,,,,,,,,,,,,,,,,,,3.8,1.1,3.5,3.8,3.5,3.6,4.5,5.3,4.7,7.4,6.4,7.1,9.9,11.7,10.1,314.5,319.1,292.3,237.4,153.7,,99.6,327.2,328.9,303,249.5,164.5,107.5,,,1.1
-84,,,,,,,,,,,,,,,,,,,,,,,,,,,,,,,,,,,,,3.9,1,3.6,3.8,3.5,3.6,4.6,5.4,4.8,7.5,6.6,7.3,10.2,11.9,10.5,316.3,321.2,293.7,238.8,154.4,,100.1,329.2,330.5,304.7,250.8,165.3,107.9,,,1.1
-83,,,,,,,,,,,,,,,,,,,,,,,,,,,,,,,,,,,,,4.1,0.9,3.8,3.9,3.6,3.6,4.8,5.6,4.9,7.7,6.7,7.5,10.6,12.3,10.8,318.2,323.1,296.3,240.1,155.4,,100.7,330.6,332.5,306.7,252.1,166.1,108.5,,,1.1
-82,,,,,,,,,,,,,,,,,,,,,,,,,,,,,,2.5,,,,,,3.6,4.2,1,3.8,4,3.7,3.7,4.9,5.7,5.1,7.9,6.9,7.7,10.9,12.7,11.1,319.9,324.8,297.8,241.9,156.4,,101.2,332.2,334.8,308.2,253.4,166.9,109.2,,,1.1
-81,,,,,,,,,,,,,,,,,,,,,,,,,,,,,,2.5,,,,1.1,2.8,3.7,4.4,1.1,3.9,4.1,3.8,3.9,5.1,5.9,5.2,8.1,7.1,8,11.3,13,11.3,322.1,327,299.1,243.3,157.1,,101.7,334.2,336.6,309.8,254.6,167.6,109.7,,1.4,1.1
-80,,,,,,,,,,,,,,,,,,,,,,,,,,,,,,2.6,1,3.1,3,1,2.9,3.8,4.5,1,4,4.3,3.9,4,5.3,6.1,5.3,8.3,7.3,8.2,11.6,13.2,11.6,323.8,329.1,301.1,244.6,157.8,,102.2,335.8,338,311.4,255.8,168.4,110.2,1.4,1.4,1
-79,,,,,,,,,,,,,,,,,,,,,,,,,,,,,3.2,2.7,0.9,3.2,3.1,1.1,3,3.9,4.6,1,4,4.4,4,4,5.4,6.2,5.4,8.5,7.5,8.5,12,13.7,11.9,326.1,331,302.9,245.9,158.7,,102.7,337.5,339.7,312.7,257,169.2,110.7,1.4,1.5,1.2
-78,,,,,,,,,,,,,,,,,,,,,,,,,,,,,3.2,2.8,0.7,3.3,3.1,1.2,3.1,4,4.7,1.1,4.2,4.4,4,4.2,5.6,6.4,5.6,8.7,7.7,8.7,12.4,14.3,12.3,328.6,332.9,304.6,247.5,159.6,,103.2,339.4,341.8,314.6,258.4,169.9,111.2,1.4,1.5,1.4
-77,,,,,,,,,,,,,,,,,,,,,,,,,,,,2.9,3.3,2.9,0.8,3.4,3.1,1.2,3.2,4.2,4.8,1.2,4.3,4.4,4.1,4.4,5.8,6.6,5.7,8.9,8,9.1,12.9,14.6,12.8,329.8,335,306.3,248.9,160.7,,103.8,340.9,343.1,316.6,259.8,170.8,111.5,1.3,1.6,1.4
-76,,,,,,,,,,,,,,,,,,,,,,,,,,,2.4,3.1,3.4,3,0.8,3.4,3.2,1.4,3.2,4.3,4.9,1.4,4.3,4.6,4.2,4.5,6,6.8,5.8,9.1,8.2,9.5,13.3,15,13.3,331.3,337,308.8,250.7,161.7,,104.3,342.6,344.8,317.9,261.2,171.6,111.8,1.2,1.5,1.3
-75,,,,,,,,,,,,,,,,,,,,,,,,2,2.7,2.6,2.4,3.2,3.4,3,1,3.5,3.3,1.4,3.3,4.5,5,1.4,4.4,4.7,4.3,4.6,6.2,7,5.9,9.4,8.4,9.8,13.7,15.4,13.8,333.5,338.9,310.3,251.8,162.6,,104.8,344.7,346.8,319.4,262.6,172.4,112.3,1.4,1.3,1.1
-74,,,,,,,,,,,,,,,,,,,,,,,,2.1,2.7,2.7,2.4,3.3,3.5,3.1,0.9,3.5,3.3,1.4,3.4,4.5,5.2,1.4,4.5,4.7,4.5,4.7,6.4,7.2,6,9.7,8.7,10.2,14.1,15.9,14.5,335.4,341.1,312.3,253.9,163.6,,105.2,346.4,349,321.3,263.9,173.1,112.8,1.4,1.5,1.5
-73,,,,,,,,,,,,,,,,,,,,,,,2.4,2.1,2.7,2.7,2.5,3.4,3.7,3.2,0.9,3.6,3.4,1.4,3.5,4.5,5.3,1.3,4.7,4.8,4.5,4.8,6.5,7.3,6.2,10,9,10.5,14.6,16.6,15.2,337.7,343,314,255.2,164.4,,105.7,348.3,351.3,323.1,265.3,173.9,113.4,1.6,1.7,1.7
-72,,,,,,,,,,,,,,,,,,,,,,,2.5,2,2.7,2.6,2.5,3.5,3.8,3.3,0.9,3.7,3.5,1.4,3.6,4.7,5.5,1.3,4.9,4.9,4.5,4.9,6.7,7.5,6.4,10.2,9.3,10.8,15.2,17.3,16.2,339.5,344.9,315.9,256.4,165.3,,106.2,349.8,353.2,324.8,266.5,174.6,113.9,1.7,1.8,1.6
-71,,,,,,,,,,,,,,,,,,,,,,2.2,2.6,2.1,2.7,2.7,2.6,3.5,3.9,3.4,0.9,3.8,3.6,1.5,3.7,4.9,5.5,1.4,5.1,5.1,4.7,5,6.9,7.8,6.6,10.5,9.6,11.4,15.9,18,17.2,341.2,347,317.9,257.8,166.2,,106.8,351.7,355.1,326.5,267.7,175.6,114.4,1.6,1.9,1.6
-70,,,,,,,,,,,,,,,,,,,1.8,2.1,1.8,2.3,2.7,2.1,2.8,2.8,2.7,3.6,4,3.5,1,3.9,3.7,1.6,3.8,5.1,5.6,1.5,5.1,5.1,4.8,5.1,7.1,8.1,6.8,10.8,10,12,16.7,18.8,18.6,343.4,349.2,319.5,259.3,167,,107.4,353.7,356.8,328.4,269.3,176.7,114.9,1.7,1.9,1.5
-69,,,,,,,,,,,,,,,,,,1.2,1.8,2.2,1.8,2.4,2.6,2.3,2.8,2.9,2.8,3.7,4.1,3.5,1.2,4,3.7,1.5,3.9,5.3,5.9,1.7,5.2,5.3,4.9,5.2,7.3,8.2,7,11.2,10.3,12.5,17.5,19.9,20.7,345.6,351.3,321.5,260.8,168.1,,107.9,355.6,358.8,330.4,270.9,177.6,115.5,1.7,1.9,1.6
-68,,,,,,,,,,,,,,,,,,1.2,1.9,2.3,1.9,2.5,2.6,2.4,2.9,2.8,2.9,3.9,4.3,3.6,1.2,4.1,3.9,1.7,4,5.4,6.1,1.8,5.3,5.4,4.9,5.4,7.5,8.4,7.2,11.6,10.8,13,18.4,21,23.1,347.5,352.9,323.7,262.3,169.3,,108.4,357.8,360.6,332.2,272.5,178.5,116,1.8,1.9,1.7
-67,,,,,,,,,,,,,,,,,1.7,1.3,1.9,2.3,1.9,2.5,2.8,2.5,2.9,2.9,3,4,4.3,3.6,1.1,4.1,4,1.8,4.1,5.5,6.3,1.6,5.4,5.5,5.1,5.6,7.8,8.6,7.3,12,11.2,13.9,19.3,22.2,27.7,349.3,355.4,325.8,264.1,170.1,,109.1,359.9,362.4,333.9,274.1,179.3,116.4,1.8,2,1.7
-66,,,,,,,,,,,,,,,,1.6,1.8,1.4,2,2.3,2,2.5,2.9,2.5,3,3,3.1,4.1,4.4,3.7,1.1,4.2,4.1,1.8,4.2,5.8,6.4,1.5,5.6,5.7,5.3,5.9,8.1,8.8,7.5,12.5,11.7,14.7,20.4,24.1,34.7,352,357.9,326.8,265.5,170.8,,109.9,361.7,365.1,335.6,275.4,180,116.7,1.8,2.1,1.7
-65,,,,,,,,,,,,,1.4,1.7,1.4,1.6,1.7,1.4,2,2.4,2.1,2.7,3,2.6,3.1,3.1,3.1,4.2,4.5,3.9,1.2,4.4,4.3,1.8,4.4,6,6.7,1.6,5.9,5.8,5.4,6.1,8.4,9.2,7.8,13,12.2,15.5,21.5,26.3,46.2,354.1,359.4,329.1,267,171.7,,110.4,363.8,367.5,337.6,276.8,180.8,117.4,2,2,1.8
-64,,,,,,,,,,,,,1.4,1.8,1.4,1.6,1.7,1.4,2.1,2.4,2.1,2.8,3.1,2.6,3.2,3.1,3.2,4.3,4.7,4,1.3,4.5,4.3,1.8,4.6,6.2,6.9,1.7,6,5.9,5.5,6.2,8.7,9.5,8.1,13.5,12.9,16.5,23,29.2,60.3,355.6,361.5,331,268.6,172.6,,110.9,365.7,369.2,339.8,277.7,181.6,118.2,2,2,1.8
-63,,,,,,,,,,,,,1.4,1.8,1.4,1.7,1.8,1.4,2.2,2.4,2.1,2.9,3.1,2.6,3.3,3.2,3.3,4.5,4.8,4,1.5,4.6,4.4,1.9,4.7,6.3,7.1,1.8,6.1,6.1,5.6,6.4,9.1,9.9,8.4,13.9,13.6,17.8,24.8,33.8,72.6,357.7,363.9,332.6,270.1,173.5,,111.5,367.5,371,341.5,279.7,182.4,118.6,2.2,2.3,1.8
-62,,,,,,,,,,,,0.8,1.4,1.8,1.4,1.7,1.8,1.5,2.3,2.4,2.2,3,3.2,2.7,3.4,3.3,3.4,4.6,4.8,4.1,1.3,4.7,4.5,1.9,4.8,6.5,7.4,1.9,6.3,6.3,5.8,6.7,9.4,10.2,8.6,14.5,14.6,19.2,26.8,41.2,80.5,359.9,365.9,334.7,271.7,174.4,,112,369.5,373.1,343.2,281,183.1,119,2.2,2.5,1.8
-61,,,,,,,,,,,0.8,0.9,1.5,1.8,1.4,1.8,1.8,1.5,2.4,2.4,2.3,3.1,3.3,2.8,3.5,3.4,3.5,4.8,5.2,4.3,1.4,4.8,4.6,2,4.9,6.7,7.6,1.8,6.4,6.5,6,7,9.8,10.6,8.9,15.2,15.7,21,29.5,53.7,85.6,361.8,367.9,336.9,273,175.5,,112.6,372,375.2,344.8,282.3,184.2,119.4,2.3,2.6,1.9
-60,,,,,,,1,1.3,0.9,1,0.8,0.8,1.5,1.9,1.5,1.9,1.9,1.5,2.4,2.5,2.4,3.2,3.5,2.9,3.5,3.4,3.6,5,5.5,4.4,1.6,4.9,4.8,2,5.1,7,7.8,1.8,6.7,6.7,6.2,7.3,10.2,11,9.2,16.2,17.1,23.1,33.5,74.5,88.8,364,369.8,338.5,274.9,176.5,,113.3,374,377.9,346.7,284.1,185.4,119.9,2.6,2.8,2
-59,,,,,,,1,1.4,1,1,0.8,0.7,1.6,1.9,1.6,2,2,1.6,2.4,2.6,2.5,3.3,3.5,3,3.6,3.5,3.8,5.2,5.6,4.5,1.7,5.1,5,2.2,5.3,7.3,8,2,6.9,6.9,6.4,7.6,10.6,11.4,9.5,17.3,19,26.2,38.3,100,91,366.2,372.2,341.4,276.4,177.4,,113.7,375.6,379.9,348.7,285.7,186.1,120.3,2.6,2.7,2
-58,,,,,,,1.1,1.4,1,1,0.8,0.8,1.6,2,1.7,2,2.1,1.7,2.4,2.7,2.6,3.4,3.5,3,3.8,3.7,3.9,5.4,5.6,4.6,1.8,5.2,5.1,2.3,5.5,7.6,8.3,2.2,7.1,7.1,6.6,7.9,11.1,11.8,10,18.7,21.3,29.9,45.4,121.6,92.7,368.3,374.7,343.3,277.8,178.3,,114,377.6,381.6,350.8,287.2,186.6,120.8,2.3,2.8,2
-57,,,,,,,1.1,1.3,1,1,0.9,0.9,1.6,2,1.7,2,2.1,1.8,2.5,2.7,2.7,3.5,3.7,3.1,3.9,3.8,4,5.5,5.9,4.8,1.6,5.3,5.2,2.4,5.7,7.9,8.6,2.2,7.3,7.4,6.9,8.3,11.5,12.2,10.4,20.8,24.5,35.1,57.4,134.8,94.7,370.7,376.5,344.6,279.7,179.3,,114.5,379.8,383.8,352.7,288.8,187.6,121.3,2.5,2.8,2.1
-56,,,,,,0.1,1.1,1.2,1,1.1,0.9,0.8,1.7,2.1,1.8,2.1,2.2,1.8,2.6,2.8,2.7,3.5,3.8,3.2,3.9,3.8,4.2,5.7,6.1,4.9,1.7,5.4,5.3,2.5,5.9,8.3,9,2.1,7.4,7.7,7.2,8.8,12,12.7,10.9,23.8,28.8,42.3,79.2,142.2,95.9,373,378.9,347,281.1,180.3,,115.1,382.1,385.8,354.3,290,188.7,121.8,2.7,2.8,2.1
-55,0.7,1,0.5,0.2,0.3,0.1,1.1,1.3,1.1,1.2,1,0.8,1.7,2.1,1.8,2.1,2.2,1.8,2.7,3,2.8,3.7,3.9,3.3,4,3.9,4.4,6,6.3,5.1,1.8,5.6,5.4,2.4,6.2,8.7,9.4,2.2,7.5,7.9,7.6,9.2,12.6,13.3,11.5,28.4,35.6,54.7,118.1,147.3,97.1,375,381.1,349.1,282.6,181.2,,115.7,384.3,387.9,356.7,291.2,189.5,122.6,2.8,3.1,2.2
-54,0.7,1.1,0.5,0.2,0.3,0.1,1.1,1.4,1.1,1.2,1,0.8,1.7,2,1.7,2.2,2.3,1.8,2.8,3,2.9,4,4,3.4,4,4,4.5,6.2,6.4,5.2,1.9,5.8,5.7,2.8,6.6,9,9.8,2.2,8,8.2,7.9,9.7,13.2,13.9,12.2,35.4,45.8,75.4,167.6,150.9,98,376.9,383.1,351.4,284,182.1,,116.4,386.7,390.6,358.7,293.2,190.3,123.3,2.8,3.3,2.4
-53,0.7,1.1,0.5,0.2,0.3,0.1,1.1,1.4,1.1,1.1,1,0.8,1.7,2,1.8,2.3,2.4,1.9,2.8,3,3,4,4.2,3.4,4.2,4.2,4.7,6.5,6.6,5.4,2,6,5.9,2.9,6.9,9.3,10.1,2.2,8.5,8.4,8.3,10.2,13.9,14.6,13.1,49.2,64.8,118.6,206.9,153.8,99,379.1,385.7,352.6,286.2,182.9,,117,387.8,393.1,360.6,294.9,191.1,123.7,3.2,3.7,2.3
-52,0.7,1,0.6,0.2,0.3,0.1,1.1,1.5,1.1,1.2,1,0.8,1.8,2.1,1.9,2.4,2.5,1.9,2.9,3.1,3.1,4.1,4.3,3.5,4.3,4.4,4.9,6.7,6.9,5.5,2,6.1,6.2,3.1,7.1,9.8,10.4,2.4,8.7,8.7,8.7,10.9,14.7,15.4,14.1,76.4,101.6,181.1,229.1,156.7,99.8,381.4,387.8,354.9,287.4,183.7,,117.5,390.3,394.8,362.6,296.3,192,124,2.9,3.7,2.5
-51,0.7,1,0.6,0.2,0.3,0.1,1.2,1.5,1.2,1.2,1.1,0.8,1.8,2.2,2,2.4,2.6,2,3,3.2,3.2,4.3,4.5,3.7,4.5,4.5,5.1,7,7.2,5.7,2.2,6.3,6.4,3.2,7.5,10.3,10.8,2.6,8.9,9.1,9.1,11.6,15.6,16.4,15.3,136.8,169.9,243.2,241.4,158.6,100.5,383.5,389.8,356.7,289,184.7,,117.8,392.4,396.6,364.2,297.6,192.7,124.6,3.1,3.7,2.6
-50,0.7,1,0.7,0.2,0.3,0.1,1.2,1.4,1.2,1.2,1.2,0.9,2,2.2,2.1,2.5,2.7,2.1,3,3.3,3.4,4.5,4.8,3.8,4.6,4.5,5.4,7.3,7.5,6,2.4,6.5,6.6,3.2,8,10.8,11.2,2.7,9.4,9.5,9.6,12.4,16.6,17.5,17,220.6,251.6,285.7,249.3,160.4,101.3,385.7,392.2,359.4,290.8,185.8,,118,394.7,399.1,366.4,299.1,193.3,125.2,3.3,3.8,2.6
-49,0.8,1.1,0.7,0.2,0.3,0.1,1.2,1.5,1.2,1.2,1.2,0.9,2.1,2.2,2.1,2.5,2.7,2.2,3.1,3.4,3.5,4.7,4.9,3.9,4.7,4.7,5.6,7.5,7.8,6.2,2.5,6.8,6.9,3.5,8.4,11.4,11.8,2.6,9.8,9.9,10.3,13.2,17.7,19.1,19.7,291.4,310.9,306.2,255.4,162.3,102.1,387.8,394.6,361.6,292.2,186.6,,118.8,397.1,401.5,368.7,300.6,194.4,125.6,3.4,3.9,2.6
-48,0.8,1.1,0.7,0.1,0.4,0.1,1.2,1.5,1.2,1.3,1.3,1,2.2,2.3,2.2,2.7,2.8,2.2,3.2,3.4,3.7,4.9,5,4,4.9,5,5.8,7.8,8.1,6.5,2.5,7.1,7.3,3.5,9,12.1,12.4,2.6,10.5,10.5,11.1,14.4,19,21,23.8,331.2,340.4,319.3,260.6,163.8,102.8,390.2,396.9,363.4,293.5,187.4,,119.8,399.1,403.5,370.9,302.1,195.6,125.9,3.6,4.1,2.7
-47,0.8,1,0.7,0.1,0.4,0.1,1.3,1.6,1.3,1.3,1.2,1,2.2,2.4,2.3,2.9,2.9,2.3,3.2,3.4,3.8,5,5.2,4.1,5,5.2,6.1,8.1,8.4,6.8,2.7,7.5,7.7,3.8,9.5,12.8,13.1,2.8,11.2,11.1,11.9,15.7,20.8,23.3,30,349.5,356.4,328,264,165.3,103.5,392.7,398.7,365.1,295.3,188.4,,120.2,401,405.6,372.6,303.7,196.6,126.4,3.6,4.2,2.8
-46,0.8,1,0.7,0.1,0.4,0.2,1.3,1.7,1.3,1.4,1.2,1.1,2.2,2.5,2.4,3,3,2.4,3.3,3.5,3.9,5.2,5.4,4.2,5.2,5.4,6.4,8.6,8.7,7.1,2.7,7.9,8.1,3.9,10.2,13.6,13.8,3,12.2,11.7,12.9,17.2,22.7,26.5,39.8,359.3,366.3,334.7,267.8,166.8,104.1,394.9,400.8,366.6,296.8,189.4,,120.5,403.3,408.3,374.1,305.9,197.5,126.9,3.8,4.3,3
-45,0.7,1,0.7,0.1,0.4,0.2,1.3,1.7,1.3,1.6,1.3,1.2,2.2,2.5,2.5,3.1,3.1,2.5,3.5,3.6,4,5.5,5.6,4.5,5.4,5.6,6.9,9.1,9.2,7.4,3,8.2,8.6,4.1,10.9,14.4,14.9,3.2,13.3,12.5,14.1,19.2,25.2,31.3,53.5,367,374.8,340.2,271.3,168.1,104.7,397.2,403.5,369.8,298.4,190.1,,121,405.9,410.4,376.2,306.8,198.3,127.6,4,4.5,3.2
-44,0.7,1.1,0.7,0,0.4,0.2,1.3,1.7,1.3,1.7,1.4,1.2,2.2,2.6,2.5,3.2,3.3,2.5,3.7,3.8,4.4,5.8,5.8,4.7,5.7,5.8,7.3,9.6,9.7,7.7,3,8.6,9.2,4.3,11.6,15.4,16,3.5,14.8,13.6,15.8,21.6,28.5,38.6,67.7,372.4,380.8,345.3,273.8,169.4,105.4,399.5,406.1,370.9,299.9,190.6,,121.6,407.8,412.8,378.7,308.5,199.1,128.4,4,4.8,3.5
-43,0.8,1.1,0.8,0,0.4,0.3,1.3,1.8,1.4,1.8,1.5,1.2,2.3,2.6,2.7,3.4,3.4,2.6,3.8,4,4.7,6.1,6,4.9,5.9,6.1,7.7,10.2,10.1,8.2,3.1,9,9.9,4.2,12.7,16.4,17.2,3.9,16.9,14.9,17.9,24.5,32.9,51.6,78.7,377.2,385.5,349.4,276.6,170.6,106,401.4,408.1,373.3,301.6,191.7,,122.2,410.1,415.2,380.7,310.3,200.1,129,4,5.1,4
-42,0.8,1.1,0.8,0.1,0.4,0.3,1.3,1.8,1.5,1.8,1.5,1.2,2.4,2.6,2.8,3.5,3.5,2.7,4,4.2,4.9,6.4,6.2,5,6.2,6.5,8.1,10.9,10.6,8.7,3.2,9.6,10.7,4.7,14,18,19.2,4.5,19.9,17,20.9,29,39,72.9,85.9,381.2,389.3,353.2,279.6,171.8,106.9,403.1,410,375.3,303,193,,122.9,412.4,417.1,382.4,311.7,201,129.5,4.3,5.5,4.6
-41,0.7,1.1,0.8,0.1,0.5,0.3,1.3,1.8,1.5,1.8,1.6,1.2,2.4,2.6,2.9,3.7,3.6,2.8,4.1,4.3,5.2,6.7,6.5,5.2,6.5,6.9,8.6,11.6,11.3,9.5,3.6,10.2,11.6,4.9,15.4,19.8,21.7,5.6,24.5,19.9,24.9,34.8,48.5,100.7,90.4,384,392.9,356.3,281.5,173.1,107.9,405.8,412.4,377.6,304.8,193.9,,123.3,414.2,419.1,384.4,313,201.8,129.8,4.4,5.5,5.8
-40,0.8,1.1,0.9,0,0.5,0.3,1.3,1.8,1.6,1.9,1.7,1.3,2.5,2.8,3,3.9,3.6,2.8,4.3,4.5,5.5,7.1,6.8,5.4,6.9,7.3,9.3,12.3,12,10.3,4,11.1,12.9,5.3,17.1,22.2,24.9,7.3,31.8,24.1,30.8,43.3,65.2,124.5,93.3,387.1,396.2,359.1,283.8,174.5,108.5,408.3,414.8,380.1,306.3,194.7,,123.6,416.7,421.6,386.6,314.4,202.5,129.9,4.7,5.9,7.4
-39,0.8,1.1,0.9,0,0.5,0.2,1.5,1.8,1.6,2,1.7,1.4,2.6,3,3.2,4.1,3.8,3,4.4,4.8,5.8,7.5,7.1,5.7,7.3,7.9,10.2,13.2,13,11.3,4.2,12.1,14.4,5.9,19.4,25,29.5,10,44.3,31,39.7,57.2,96.6,139.8,95.5,390.3,400,362.2,286.1,175.5,109,410.5,417.4,381.7,307.9,195.6,,123.9,419.4,424.2,388.5,316.2,203.4,130.5,5.1,6.4,9.9
-38,0.8,1.2,0.9,0,0.6,0.2,1.6,1.9,1.6,2.1,1.7,1.5,2.7,3.1,3.4,4.3,4,3.1,4.6,5,6.2,7.9,7.4,5.9,7.5,8.5,11.2,14.2,14.1,12.4,4.4,13.3,16.5,6.4,22.5,28.6,37,13.3,59.4,43.3,54.8,83.4,143.9,148.6,97.3,392.7,403,365.3,288.3,176.5,109.5,412.9,420.1,383.5,309.8,196.4,,124.3,420.9,426.5,390.5,317.8,204.5,131.1,5.5,7,13.1
-37,0.7,1.3,0.8,0.2,0.6,0.2,1.5,1.9,1.8,2.1,1.7,1.5,2.7,3.2,3.5,4.4,4.2,3.2,4.8,5.3,6.5,8.4,8,6.4,8,9.3,12.4,15.5,15.3,14.2,4.9,15.1,19.3,7,26.3,33.8,49.4,16.5,73.5,68,84.5,134.2,193.1,154.4,99,395.2,406.4,367.9,289.9,177.6,110,415.2,422.3,385.9,311.5,197.2,,125,423.4,429.1,392.9,319.2,205.4,131.7,5.9,8.2,16.5
-36,0.8,1.2,0.9,0.5,0.6,0.2,1.5,2,1.9,2.2,1.7,1.5,2.9,3.3,3.7,4.7,4.4,3.4,5.1,5.6,7,8.9,8.6,6.8,8.6,10.1,13.6,17.1,17.3,16.6,5.7,17.8,23.1,8.3,31.6,40.9,70.6,18.8,83.2,121.6,145.1,206.9,228.2,158.4,100.2,398.1,409,370.1,291.8,178.6,110.7,417.5,424.4,388.6,313,198,,125.8,426.7,431.3,394.6,321.2,206.2,132.4,6.5,9.1,19.1
-35,0.8,1.2,0.9,0.7,0.7,0.2,1.6,2.1,2,2.3,1.9,1.4,3.1,3.5,3.9,5,4.6,3.6,5.3,6.1,7.5,9.6,9.2,7.4,9.4,11.3,15.2,18.9,19.4,20.4,6.7,21.8,28.7,10.1,39.2,53.3,99.2,20.2,88.8,205.7,232.4,271.4,248.2,161.5,101.3,400.6,411.4,372.9,293.9,179.8,111.4,419.8,427,389.7,314,198.9,,126.2,428.6,433.8,396.9,322.6,207,132.8,7.9,11.3,20.5
-34,0.8,1.2,0.9,0.8,0.8,0.2,1.7,2.2,2.1,2.4,2,1.5,3.1,3.7,4.1,5.4,4.8,3.8,5.6,6.6,8.3,10.4,9.7,8,10.4,12.7,17.3,21.2,22.5,26.2,8.4,28.2,37.1,13.4,51.3,76,124.6,21,92.4,289.3,308.2,311.1,260,164,102.3,402.9,414,375.4,295.4,180.9,112,421.6,429.2,391.9,314.9,199.9,,126.6,430.3,436.1,399.7,324,207.8,133.1,10.3,15.2,21.3
-33,0.8,1.3,0.9,0.9,0.7,0.2,1.7,2.3,2.2,2.6,2.2,1.6,3.2,3.9,4.5,5.7,5.1,4,6,7.1,9.1,11.4,10.7,9,11.7,14.6,20.2,24.5,26.9,35.9,12.2,39.8,51,20,73.2,117.4,140,21.4,94.9,343,353.6,332.4,267.9,166.3,103.2,405.8,416.5,377.6,297.4,181.8,112.5,423.9,431.1,394.7,317,200.8,,127.1,432.4,438.7,401.7,325.4,208.8,133.7,14.4,21.9,21.6
-32,0.8,1.4,0.9,0.9,0.6,0.3,1.7,2.4,2.3,2.7,2.3,1.7,3.5,4.1,5,6.1,5.3,4.2,6.4,7.7,10.2,12.4,11.7,10.1,13.5,17.4,23.7,28.8,34.3,49.9,20.4,62.4,77.4,32.1,116.3,174.5,149.4,21.6,97.4,369,376.2,345.3,274,167.9,104.1,408.3,419.1,380.1,299.9,182.6,112.9,426.6,433.5,396.3,318.7,201.8,,127.7,435,440.5,403.4,326.7,209.8,134.2,21.9,33.1,21.8
-31,0.8,1.4,0.9,1,0.6,0.4,1.8,2.5,2.4,2.8,2.4,1.8,3.8,4.3,5.4,6.6,5.8,4.5,6.9,8.5,11.3,13.8,13,11.6,16.1,21.1,28.4,34.8,46.4,65.2,36.2,112.6,132.3,52.1,185.8,220.1,155.4,21.7,98.9,382.9,390.1,353.8,279.1,170,104.8,411.1,421.6,382.4,301,183.6,113.3,428.5,436.2,398.5,320.6,202.7,,128,436.8,442.5,405.3,328.1,210.6,134.6,35.7,51,22.2
-30,0.8,1.4,0.9,1,0.6,0.4,1.9,2.6,2.6,3,2.5,1.9,4,4.6,5.9,7.2,6.4,5,7.5,9.7,12.8,15.6,14.9,13.6,19.9,26.4,35.6,44.4,67.9,77.6,60.8,196.3,219.5,70.5,257.9,246.6,160.2,22.3,100,391.5,399.4,360,283,171.4,105.4,413.2,424.6,384.6,303.1,184.7,114,430.8,438.6,400.9,322.1,203.5,,128.3,439.5,444.9,407.3,330.3,211.3,134.8,58.8,70.5,22.4
-29,0.8,1.3,1,1,0.7,0.4,2,2.7,2.7,3.1,2.7,2,4.2,5,6.5,7.8,6.9,5.5,8.6,11.2,14.8,17.6,17.1,16.5,26.1,34.3,46.6,62,97.1,85.9,86,286,303.2,83.3,308.2,261.4,162.9,22.3,101.1,397.9,406.8,366.6,286.1,172.7,106.1,415.7,427,387.1,305.2,185.6,114.7,433.2,441.1,402.1,323.5,204.4,,128.8,441.8,447,409.5,331.6,212.1,135.4,83.5,83.4,22.5
-28,0.9,1.4,1,1,0.8,0.4,2.2,2.8,2.9,3.3,2.8,2.1,4.5,5.4,7.1,8.5,7.5,6,9.7,13.1,17.3,20.2,20,21,37.1,47.2,65.6,93.9,123.7,91.1,100.9,347.7,356.3,90.1,335.5,269.2,165.6,22.4,102.1,403,411.9,371.1,289.3,174.4,106.9,418.2,429.4,389.8,306.6,186.5,115.2,435.3,443.2,404.4,325,205.2,,129.2,443.9,449.3,411.6,333.1,212.9,136,100.4,90.7,22.3
-27,0.9,1.5,1,1.1,0.8,0.5,2.2,2.9,3.1,3.5,3,2.3,4.9,6,8.1,9.3,8.3,6.8,11.3,15.8,20.5,24.3,25.2,29.1,60.6,74.1,105.1,144.2,141.2,94.2,109,375.9,383.6,93.3,350.3,275.9,168,22.4,103,407.3,416.5,374.9,292.3,175.5,107.4,420.7,431.3,391.9,308.3,187.3,115.5,438.1,445.4,406.5,326.1,205.9,,129.8,445.7,452.3,413.8,334.7,213.6,136.4,109.7,94.3,22.4
-26,1,1.5,1,1.1,0.9,0.5,2.3,3.1,3.4,3.9,3.1,2.5,5.4,6.8,9.1,10.5,9.2,7.7,14,19.4,25.3,29.4,32.6,41.5,110.8,126.5,170.1,198.1,150.6,96.5,112.8,390.4,397.9,95.7,359.7,281.2,170.2,22.4,104.1,410.9,421,378.6,294.7,176.6,107.9,423.3,433.9,393.7,309.2,188.2,116.1,440.6,447.9,409.3,327.9,206.5,,130.3,448.2,455.1,415.7,335.9,214.2,136.7,113.7,96.1,22.5
-25,1,1.6,1.1,1.2,0.9,0.5,2.5,3.3,3.8,4.2,3.5,2.7,6,7.8,10.4,11.8,10.6,8.9,18.1,24.6,31.9,36.8,46.1,58.3,197.1,214.3,248,235,157.1,98.2,114.3,400.1,408,95.9,366.8,285.8,171.6,22.6,105.1,414.1,425,381.8,297,177.8,108.4,425.1,436.6,395.7,311.7,189.2,116.6,442.5,450.2,410.9,329.4,207.3,,130.8,450.4,457,417.5,337.9,215,137.1,114.6,97.6,22.4
-24,1.1,1.6,1.2,1.3,0.9,0.5,2.7,3.6,4.3,4.7,3.9,3,6.8,9.1,12.1,13.6,12.1,10.6,24.4,32.5,41.5,49.7,68.5,72.7,290.4,302.2,305.3,256.2,161.2,99.6,115.1,407,415.4,96.7,373.3,289.2,173.1,22.7,105.6,416.7,428.3,385.1,299.1,179,109.1,427.3,439.3,398.1,313.1,190.3,117,444.5,452.2,412.5,330.7,208.2,,131.2,452.9,458.9,419.9,339,215.9,137.5,116.1,97.8,22.2
-23,1.2,1.7,1.3,1.4,0.9,0.6,2.9,4,4.9,5.2,4.3,3.3,7.8,10.8,14.4,16,14.5,13.1,34.9,44.9,57.7,72.1,97.9,82.5,351.9,358.9,335.9,268.2,164.2,100.9,115.7,411.4,420.3,97.6,377.5,292.3,174.3,22.7,106.2,419.4,431,388.4,300.8,179.9,109.7,429.8,441,400.4,314.5,191,117.4,446.6,454.5,415,331.7,209,,131.5,455,461.2,421.8,340,216.4,138.1,116.8,98.2,22.7
-22,1.2,1.7,1.4,1.4,0.9,0.6,3.1,4.5,5.5,5.9,4.7,3.7,9.5,13.2,17.4,19,17.5,16.9,56.9,69,87.9,114.7,124,88.5,381.7,387.5,352.3,275.6,166.8,101.9,116.6,414.8,425.6,98.2,381.2,295.3,175.5,22.7,106.8,422,433.5,389.9,302.8,180.8,110.1,431.8,442.7,402.1,315.1,191.7,117.9,448.7,456.7,415.7,332.5,209.7,,131.8,457,463.2,423,341.8,216.9,138.8,117.2,98.8,22.6
-21,1.3,1.8,1.5,1.5,1.1,0.7,3.6,5.2,6.2,6.5,5.5,4.2,11.7,16.6,21.5,23.2,22,23,102.3,116.9,147,171.4,140.7,92.4,396.9,403.2,362.7,281.6,168.5,102.5,117.2,418.2,429.6,98.2,385.2,297.4,176.5,22.7,107.4,424.3,436.4,391.9,304.8,181.8,110.4,434.1,445.9,403.9,318.1,192.4,118.4,450.8,458.5,418.4,334.9,210.2,,132.2,459.1,464.9,424.8,343,217.5,139,117.4,99.1,22.5
-20,1.4,1.9,1.7,1.7,1.3,0.7,4.1,5.9,7.3,7.8,6.3,5.1,15.4,21.4,27.4,29.2,29.2,32.9,183.3,197.4,228,220.2,150.6,94.8,406.1,414.1,370.6,286.6,170.1,103.3,117.3,421.4,433.3,98.5,388.1,299,177.5,22.8,107.8,426.9,439.1,394.9,306.5,182.7,110.7,435.8,448.1,406,319.1,193.1,118.8,452.5,460.7,419.7,336.5,210.7,,132.7,461.3,467.4,426.6,344.2,218.2,139.2,117.8,99.1,22.7
-19,1.5,2.1,1.9,1.9,1.4,0.8,4.7,6.9,8.6,9,7.6,5.9,21.2,28.7,35.4,38.8,41.5,47,279.6,288.9,295.6,248.5,156.3,97.1,413.1,421.7,377,290.1,171.9,104.1,116.9,424.5,436,98.8,391.2,301.8,178.3,22.9,108.2,429.3,440.8,397.1,308.1,183.4,111.1,437.7,450.2,407.9,319.7,193.9,119.3,454.7,462.7,420.9,337.7,211.4,,133.1,463.2,469.8,428.4,345.3,219.2,139.5,118.7,99.3,22.8
-18,1.5,2.2,2.2,2.1,1.6,1,5.6,8.2,10.4,10.7,8.8,7.2,31,40.3,49.3,55.8,63.3,63,350.1,353.5,333.5,265,160.5,98.4,418.2,427.6,382.3,293.2,173.5,104.8,117.2,426.8,438.9,99.1,393.8,303.3,179,23.2,108.7,430.9,443.2,399.7,309.6,184,111.8,440.2,451.4,409.4,321.1,194.7,119.6,456.6,464.5,423.1,338.7,212.2,,133.5,465.3,471.4,430.5,346.7,220.2,139.9,118.4,99.5,22.8
-17,1.5,2.4,2.5,2.3,1.8,1.2,7,10.3,13,13.1,10.9,9.2,51.1,62.3,75.6,87,94,76.1,385.3,388.9,353.6,274.8,163.8,99.4,421.9,432.1,386.4,296.1,174.7,105.4,117.8,428.8,441.9,99.1,395.9,304.9,180,23.3,109.2,432.9,445.5,401.3,311.3,184.8,112.3,442.5,453.8,411.2,322.6,195.5,119.9,458.1,466.7,424.5,339.7,212.8,,133.7,467.1,472.9,432.3,348.3,221.1,140.2,118.1,99.5,23.2
-16,1.8,2.7,2.9,2.7,2,1.4,9.2,13.2,16.6,16.4,14.1,12,94.5,105,126.8,138.1,121.6,84.3,401.8,406.6,365.1,281.4,166.2,100.5,424.9,435.9,389.6,298.6,175.8,105.9,117.7,430.9,443.6,99,398.1,306.8,181,23.2,109.6,434.8,448,403.2,312.7,185.7,112.5,444.2,455.3,413,323.9,196.2,120.2,459.8,469,426.6,340.6,213.4,,133.9,468.6,474.6,433.7,349.5,221.8,140.4,117.7,99.4,23.2
-15,2.1,3,3.4,3.2,2.4,1.7,12.7,17.7,21.6,21.1,18.4,16.6,177.1,185.2,207.4,194.1,139.2,89.2,411.8,418.9,373.6,286.2,167.9,101.4,427.4,439.1,392.2,300.9,176.6,106.3,117.4,433,445.7,99,400.4,308.5,181.9,23.2,110,437,450.1,405.1,313.8,186.4,112.9,446.3,457.8,414.1,325.2,196.8,120.4,462.1,470.8,427.8,342,214.1,,134.2,470.7,476.9,435.2,350.7,222.1,140.7,117.6,99.6,23
-14,2.4,3.7,4.1,3.9,2.8,2.1,18.2,24.6,29.1,28.2,25.9,24.7,280.2,281.4,282.2,233.9,149.9,92.5,418.6,426.5,380.2,290,170.1,102.3,430,442.1,395.1,302.7,177.4,106.7,117.3,434.9,447.9,99,402.5,310.1,182.8,23.1,110.4,438.8,451.8,406.6,315,187.1,113.2,447.9,460.1,416.2,326.4,197.4,120.8,464,471.8,429.6,343.3,214.8,,134.6,472.2,478.9,436.6,351.5,222.3,141,117.9,100.2,23.2
-13,2.9,4.5,5,4.9,3.7,2.7,27.5,34.9,41.3,40.9,39.3,37.1,352.3,351.8,325.9,256.9,155.2,94.8,423.5,432.4,384.7,293.3,171.3,103,431.9,444.2,397.4,304.2,178.1,107.2,117.6,436.9,450,99.1,404.5,311.5,183.3,23,110.8,440.2,453.1,408.1,316.3,187.7,113.6,449.3,460.7,418.3,328.2,198.1,121.1,465.5,473.3,431.2,344.6,215.4,,135.1,474,480.3,437.9,352.3,223.1,141.3,118.1,99.4,23
-12,4.1,5.9,6.4,6.2,4.5,3.6,48.1,55.5,65.2,63.7,61.9,53.5,389.4,390.8,350.8,269.1,158.9,96.4,426.6,436.6,388.4,295.8,172.5,103.6,433.7,446.2,399.6,305.8,178.7,107.5,117.5,438.8,452.1,99.6,406.4,312.6,183.8,22.8,111.1,442.1,454.4,410.1,317.4,188.4,114,451,462.4,418.9,329.1,198.7,121.5,466.9,475,432.4,345.8,216,,135.5,475.6,481.8,439.1,353.1,224,141.5,118,99.5,23.2
-11,5.4,7.5,8.6,8,6.1,4.8,89.6,95,111.3,107.1,91.9,68.3,406.3,409.8,364.3,277.2,162.2,97.5,429.5,439.9,391.7,297.5,173.4,103.9,435.8,448.3,401.5,307.4,179.5,107.8,117.7,440.1,453.5,99.8,407.7,313.7,184.4,23.1,111.4,443.7,456.5,411.5,318.3,188.8,114.4,452.3,464.6,420,329.9,199.2,121.9,468.3,477,433.6,346.5,216.2,,135.8,477.6,483.3,440.3,354,224.3,141.7,117.9,99.7,23.1
-10,7.8,10.5,11.7,10.7,8.1,6.6,172.1,171.9,184.9,165.9,118.9,78.8,416,421.5,372.6,282.3,164.5,98.7,431.8,443.2,394.6,299.8,174.2,104.2,437.6,450.3,403,308.7,180.3,108.1,117.7,441.5,455.3,99.3,409.1,314.7,184.9,23.3,111.7,444.9,458.4,412.5,319.2,189.3,114.7,453.6,466,421.6,330.6,199.6,122.1,469.5,478.6,434.8,347.2,216.4,,136,478.9,485.1,441.6,355.2,224.4,141.9,117.7,99.5,23.2
-9,12,14.9,16.5,15.1,11.7,9.6,273.2,268.8,261,215.5,135.8,85,422,428.7,379.2,286.1,166.4,99.6,433.7,445.7,396.5,301.1,174.9,104.6,439.1,452.1,404.3,309.7,180.6,108.4,117.7,442.9,456.9,99.8,410.1,315.7,185.3,23.3,112,446.4,459.6,413.6,320.1,189.9,114.9,455,467.3,423.2,331.2,200.1,122.1,470.8,480,436,347.8,216.8,,136.1,479.8,486.6,443.3,356.5,224.9,142.1,117.6,99.7,23.4
-8,19.2,22.4,24.5,22.5,17.7,15.2,349.4,344.7,313.4,243.9,145.5,88.8,426.1,434.2,383.7,289.6,167.7,100.2,435.2,448,398.4,302.3,175.5,105,439.9,453.8,405.9,310.6,180.9,108.7,117.9,444.2,458.4,99.3,410.6,316.4,185.6,23.2,111.9,448.2,460.8,414.8,321.1,190.4,115,455.8,468.4,424.1,332,200.5,122.5,472.1,481.5,436.8,348.5,217.3,,136.1,480.6,487.8,444.9,356.9,225.5,142.4,117.4,99.3,23.2
-7,34.9,37.1,41.2,37.4,29.3,24.3,386.8,385.5,340.8,258.9,151.5,91,429.5,438.1,386.9,292.3,168.6,100.7,436,449.8,399.7,303.2,176,105.2,440.9,455.1,406.7,311.3,181.6,108.9,117.8,445.5,459.8,99.5,412,317.1,186.5,23.2,111.9,449.4,461.9,416,322.3,190.9,115.3,456.5,469.6,424.7,332.9,201,123,473.3,482,437.6,349.3,217.6,,136.2,481.4,488.7,445.8,357,225.7,142.6,118.1,99.8,23.3
-6,70.1,69.1,75.1,66.6,49.4,37.5,403.6,405,355.3,267,154.8,92.9,430.8,440.9,389.2,293.8,169.5,101.1,437.1,450.7,401.4,304,176.6,105.5,442.1,456,407.6,311.8,182.2,109.1,118,446.5,460.5,99.6,413.5,318,187.3,23.2,112.2,450.2,463,416.9,323,191.4,115.6,457.5,470.8,425.3,333.5,201.4,123,474.2,482.6,438.7,350.2,217.9,,136.4,482.3,489.3,446.4,357.7,225.9,142.8,117.9,100,23.1
-5,144.4,135.2,137,113.6,77.7,52.3,413.3,416.3,363.7,273.4,157.1,94.1,432.2,443.5,391.6,294.8,170,101.3,438.6,451.7,402.9,305,176.6,105.6,443.2,457.2,408.8,312.3,182.3,109.3,118,447.4,460.7,99.7,414.3,318.8,187.3,23.2,112.5,450.9,464.2,417.7,323.2,191.5,115.7,458.7,471.8,426.2,334.2,201.7,123.1,475.1,483.5,439.8,350.7,218.2,,136.7,483.2,490,446.9,358.6,226.1,142.9,117.5,99.9,23
-4,244.4,229.1,211.9,164.8,102.9,64,419.5,422.9,369.3,276,159,94.8,434,445,393.5,295.6,170.5,101.4,439.8,452.6,403.4,306,176.7,105.6,444.3,458.7,409.8,312.6,182.3,109.4,117.8,448.2,461.7,100,414.8,319.3,187.3,23.1,112.7,451.6,465.4,418.5,323.5,191.7,115.6,459.4,472.1,426.9,334.5,202,123.2,475.9,484.3,440.2,351.1,218.5,,137,484.2,490.6,447.3,359.1,226.4,143,117.4,99.9,23
-3,321.7,308,269.7,202.3,119.2,71.5,422.9,427,372.8,279.2,159.9,95.4,435.1,446.3,394.4,296.2,170.8,101.6,440.1,453.4,403.9,306.3,177,105.9,445.3,459.2,410.4,313.2,182.6,109.3,117.5,449.1,463.1,99.8,415.2,319.7,187.8,23.1,112.8,452.3,465.4,419.3,323.8,191.8,115.7,459.7,472.4,427.4,334.8,202,123.4,476.6,485.1,440.3,351.4,218.8,,137,484.9,491.4,447.7,359.6,226.4,143.3,117.4,100,23
-2,357.4,346.9,299.1,221.4,127.4,75.7,424.8,430.2,375,280.1,160.8,95.7,435.7,447.4,395.3,296.8,171.1,101.8,440.5,454.2,404.4,306.6,177.4,106.1,446.2,459.4,410.8,313.8,182.9,109.4,117.2,449.7,463.7,100,415.5,319.8,188.4,23.2,113,453,465.1,419.6,324,191.8,115.8,460.1,473,427.9,335,201.9,123.5,477.1,485.8,440.9,351.6,219.1,,137,485.6,492.4,448.2,359.5,226.3,143.7,117.3,100.2,22.8
-1,371,362.2,310.8,229.5,131.2,77.6,425.4,431.6,376.5,281.1,161.3,95.9,436.2,448,396,297.5,171.2,102,441.2,454.9,404.9,307.1,177.6,106,446.4,459.4,410.8,314,182.9,109.7,117.3,450.1,464.1,99.9,415.9,320,188.2,23.2,113.2,453.3,466,419.8,324.3,192.1,116,460.7,473.6,428.2,335.3,201.9,123.5,477.4,486.3,441.5,351.8,219.1,,137,485.9,493,448.5,359.2,226.4,143.6,117.6,99.7,23
0,371.6,363.4,313.4,231.8,131.9,77.8,425.8,432.5,377.1,281.4,161.8,95.9,436.3,448.1,396.6,298,171.4,102.2,441.6,455.3,405,307.5,177.8,105.9,445.5,459.3,410.8,313.9,183,109.7,117.7,450,464.1,99.9,416.3,320,187.9,23.3,113,453.1,467.2,419.9,324.6,192.3,116,460.8,474,428.5,335.6,202,123.7,477.4,486.4,441.5,352.1,219,,137.1,486.2,493.3,448.3,359.6,226.7,143.3,117.7,99.5,23
1,370.9,363.6,310.1,229.7,130.8,77.2,425.4,431.7,376.7,281.7,161.4,95.9,436.4,448.1,396.4,298.2,171.5,102.2,441.4,455.3,405.1,307.1,177.7,106,445.1,459.3,410.9,313.8,182.9,109.3,117.6,449.6,464,99.8,416.5,320.1,187.8,23.4,112.8,453,467,420,324.8,192.2,116.1,460.8,474.3,428.5,336.1,202,123.9,477.4,486.2,441.2,352.1,219.3,,137.1,486,493.4,448.3,360,226.7,143.4,117.3,99.6,23.2
2,355.2,351.2,298,221.7,127.4,75.6,424.9,430.7,375.4,280.3,161,95.5,436,448.1,396.1,298,171.6,102.1,441.2,455.1,404.9,306.7,177.6,105.9,445.4,459.5,410.8,313.9,182.9,109.3,117.7,449.2,463.8,99.3,416.4,320,187.7,23.3,112.9,452.9,466.6,419.9,324.9,192.1,116.1,460.7,473.8,428.4,335.7,202.1,123.8,477.5,486.2,441.5,352.1,219.7,,137.2,485.8,493.2,448.7,360.2,226.7,143.5,117.1,99.9,23.3
3,317.8,320.2,270.9,204.4,120,71.6,423.3,428.8,373,278.9,160.1,95.2,435.7,447.7,395.1,297.4,171.1,101.9,440.8,454.5,404.7,306.9,177.6,105.8,445.4,459.3,410.5,313.8,182.9,109.5,118,449,463.4,100.1,416.1,320,187.8,23.1,113.1,452.9,466.3,419.7,324.9,191.9,116.1,460.6,473.4,428.2,335.3,201.9,123.6,477.5,486.2,441.9,352,219.3,,137.1,486.1,492.8,448.8,360.3,226.7,143.6,117.4,100.1,23
4,242.9,256.4,217.4,169.9,105.6,64.6,419.7,424.9,369.5,277.7,159.2,94.6,435,446.7,394,296.7,170.6,101.7,440.3,453.9,404,307.1,177.6,105.7,445,458.9,410.2,313.7,182.9,109.5,117.4,448.9,463.4,100.1,415.5,319.7,187.8,22.9,113,452.7,466.1,419.1,324.7,191.8,116.1,460.5,473,427.9,335,201.7,123.4,477.4,486.1,441.5,351.9,218.9,,137,486.2,492.3,448.3,360.1,226.6,143.7,117.6,99.9,22.9
5,139.4,158.9,140.6,119.1,81.7,53.4,414.1,418.7,364.1,273.3,157.2,94.1,434.1,445.3,392.3,295.8,170.1,101.5,439.5,453.2,403.3,306.4,177.3,105.7,444.5,458.3,409.8,313.4,182.8,109.5,118.1,448.9,463.6,99.9,415.1,319.4,187.8,23.2,112.9,452.2,465.7,418.3,324.1,191.8,116,460.3,472.8,427.2,334.7,201.6,123.3,477.1,485.7,440.9,351.5,218.8,,137.1,485.3,491.7,448,359.9,226.8,143.4,117.2,100.1,23
6,65.4,79.7,74.8,69.4,52.1,38.6,404.7,409.6,355.7,267.9,155.2,92.6,432.3,443.3,390.5,294.4,169.6,101.4,438.6,452.5,402.4,305.7,176.9,105.7,443.8,457.4,409.2,312.9,182.7,109.4,117.6,448.2,462.6,99.9,414.8,318.4,187.7,23.2,112.6,451.4,465.2,417.8,323.5,191.9,115.7,459.4,472.8,426.7,334.5,201.6,123.1,476.3,485.1,440.2,351.1,218.8,,137.2,484.5,490.9,448.2,359.5,226.9,143,117.4,100.1,23.1
7,31.9,41.2,39.9,37.7,29.7,24.5,385.7,393,340.7,259.2,151.4,91.1,430.6,441,388,292.7,168.9,101,437.6,451.8,401.5,304.7,176.4,105.4,443,456.5,408.5,312.4,182.3,109.3,117.4,446.7,461,100,414.1,317.4,187.4,23.3,112.4,450.5,464.5,417.3,323,191.4,115.5,458,472.4,426.5,334.2,201.4,123,475.4,484.4,439.4,350.8,218.7,,137,483.9,490.7,447.9,359.1,226.7,143.1,117.6,99.7,23.2
8,18.5,25.1,24.5,22.8,17.8,14.9,348.9,359.8,314.3,244.9,146.4,88.7,427.6,438,384.9,291,168.3,100.6,436.5,450.2,399.8,303.6,175.9,105.1,442.1,455.7,407.6,311.7,181.9,109.1,117.7,445.6,460.2,99.6,413,317.3,187.1,23.4,112.3,449.4,463.7,416.4,322.5,191,115.5,457.3,470.7,426.2,333.6,201.3,122.9,474.5,483.7,438.8,350.5,218.5,,136.7,483.3,490.7,446.4,358.6,226.3,143.3,117.6,99.2,23
9,11.5,16.6,16.6,15.2,11.7,9.5,277.7,299.7,265.1,218.9,136.3,84.8,423.9,432.8,380.8,288,166.9,99.9,435.1,448.3,398.2,302.3,175.5,104.7,441,454.7,406.6,310.8,181.4,108.7,118,444.9,459.6,99.6,411.8,317.1,186.4,23,112.3,448.5,462.5,415.5,322.1,190.5,115.4,457,469.6,425.5,333,200.8,122.8,473.6,483,438.1,349.9,218.2,,136.6,482.6,489.9,445.3,358.2,226,143.1,118,99.6,22.9
10,7.9,11.8,11.9,11,8.3,6.5,176.8,206,191,172.9,121.1,79,417.6,426.1,375.2,283.9,165.6,99.1,433.7,446.4,397,301.1,175,104.3,439.8,453.8,405.4,309.7,180.9,108.5,117.8,444,458.4,99.8,410.6,316.2,185.7,22.9,112.1,447.8,461.3,414.5,321.4,190,115.1,456.3,469,424.6,332.3,200.3,122.6,472.5,482.2,437.4,349.3,217.9,,136.5,481.8,488.5,444.9,357.4,225.6,142.8,117.1,99.5,23.2
11,5.5,8.6,8.8,8.2,6.1,4.8,90.2,114.6,114.9,112.4,96.4,69.5,408.4,416,366.9,278.9,163.3,98.1,432.2,443.9,393.4,299.5,174.2,104,438.4,452.5,403.6,308.6,180.3,108.3,117.5,443,456.8,99.8,409.5,315.3,185.5,22.9,111.9,446.4,460.2,413.4,320.3,189.9,114.8,455.4,468.1,423.3,331.5,200,122.5,471.3,481.2,436.5,348.6,217.7,,136.4,480.4,487.3,444.1,356.3,225.5,142.6,117.6,99.7,23.2
12,4.2,6.5,6.7,6.2,4.6,3.7,46.1,62.6,65.5,65.5,64.6,55.2,391,399.9,353.3,271.4,160.3,97,429.9,440.9,391.1,297.4,173.4,103.7,436.7,451,401.6,307.4,179.7,108,117.5,441.6,455.6,99.7,408.5,314.1,185.3,22.9,111.5,444.8,459.1,412.2,319.2,189.8,114.4,453.7,466.4,422,330.5,199.8,122.3,470.1,479.8,435.7,347.8,217.4,,136.2,479.1,486.2,442.7,355.4,225.4,142.5,117.8,100,23.1
13,3,4.9,5.2,5,3.7,2.8,27.8,39,41.9,40.6,40.3,38,356.2,369.4,331.7,259.8,156.7,95.3,426.1,437,387.3,295.2,172.2,103.3,435,448.8,399.7,305.9,179.1,107.6,117.7,440,454.6,99,407,312.9,184.8,23,111.2,443.4,457.5,410.9,318.2,189.1,114.1,452.2,465,420.5,329.5,199.3,122,468.9,477.8,434.8,346.8,216.8,,135.9,477.9,485,441.3,354.4,224.7,142.3,117.6,99.9,23.2
14,2.6,4.1,4.1,4,2.9,2.2,18.4,27,29.6,28.6,25.9,24.7,287.3,312.2,290,239.4,150.6,92.9,421.9,431.8,382.4,291.9,171.1,102.9,433.2,446.4,398,304.3,178.4,107.2,117.7,438.1,452.7,99,404.7,312,184.3,23.2,110.9,442.1,455.5,409.9,317.1,188.3,113.8,450.9,463.5,419,328.5,198.7,121.7,467.5,476.3,433.2,345.7,216.1,,135.6,476.5,483.6,440,353.8,223.8,142.1,117.5,99.4,23.3
15,2.2,3.4,3.3,3.4,2.5,1.7,12.8,19.6,22.1,21.5,18.7,16.5,186.1,220.2,217.7,202.9,141.5,89.7,415.3,425.1,376.2,288.3,169.4,102.1,431.3,443.9,395.7,302.6,177.5,107,117.7,436.4,450.8,99.2,402.9,311.1,183.4,23.3,110.6,440.5,454.1,409,315.8,187.7,113.6,449.5,462.1,417.5,327.5,198.2,121.4,465.9,474.9,431.8,344.8,215.4,,135.3,474.7,481.8,438.8,353.2,223.5,141.8,118.1,99.1,22.9
16,2,3,3,2.8,2,1.4,9.5,14.6,16.9,16.6,14.1,12.1,96.8,128.3,134.8,149.6,125.8,85,405.8,415.3,368.8,283.6,167.7,101.3,428.7,440.8,392.3,300.6,176.5,106.6,117.2,434.9,448.3,99.4,401.2,309.1,182.6,23.1,110.1,438.4,452.7,406.6,314.8,187.1,113.3,447.4,460.9,416.1,326.7,197.8,121,463.9,473.4,430.9,344,214.8,,135,473.1,480.3,437.7,352.5,223.2,141.5,118.1,99.2,22.6
17,1.8,2.6,2.6,2.4,1.8,1.3,7.4,11.3,13.4,13,11.1,9.2,51.1,71.8,79.8,95,100.9,77.1,389.1,399.6,357.2,277.1,165.2,100.2,425.1,437.1,388.9,298.3,175.5,106.2,116.9,432.7,446.4,99.7,399.1,307.4,182,22.9,109.7,436.5,450.3,404.5,313.9,186.4,113.1,445.7,459.4,414.9,326,197,120.7,462,471.9,428.7,343.2,214.3,,134.7,471.3,478.5,436.4,351.7,222.6,141.3,118.6,99.1,22.8
18,1.6,2.4,2.2,2.1,1.6,1.1,6,9.1,10.9,11.1,9,7.2,31.8,45.3,51.6,59,69.4,65.3,356.6,371.1,337.6,267.4,162.4,99.2,421.5,432.8,385,295.8,174.4,105.7,116.7,429.8,444.1,100.1,397.1,305.9,181.3,22.8,109.4,434.9,448.9,402.8,312.5,185.7,112.8,443.9,457.3,413.5,324.3,196.2,120.3,460.8,470,427.3,342.3,213.8,,134.4,470,476.7,434.6,350.3,221.9,141,118.3,98.9,23
19,1.4,2.2,1.9,1.9,1.4,1,5,7.5,9,9.1,7.7,5.9,21.7,31.8,37.1,40.6,44.8,49.7,292.7,318.5,303.9,253.2,158.2,97.6,417.3,427.3,380.6,293.1,173.2,105,116.7,427.3,441,99.2,394.4,304.4,179.9,22.8,109.1,432.7,446.3,401.1,310.8,184.9,112.4,441.7,455.1,411.5,322.8,195.5,119.9,459.1,468.1,426.1,341.1,213.4,,134.3,468.6,475.2,433,348.9,221.3,140.7,117.5,98.8,23.1
20,1.3,2,1.7,1.7,1.2,0.9,4.2,6.1,7.5,8,6.4,5,15.9,23.6,28.3,30.3,30.4,34.1,194.7,229.6,240.6,226.2,152.5,95.9,410.4,419.9,374.8,289.3,172,104.3,116.9,425.5,438.1,98.8,391.8,302.3,178.5,23,108.6,430.5,444.3,399,309,184.1,111.9,441,452.6,409.8,321.6,194.9,119.5,456.9,466.7,424.7,339.8,213.1,,134.3,466.2,472.7,431.5,347.5,220.8,140.5,117.5,97.8,22.8
21,1.2,1.8,1.6,1.6,1.1,0.8,3.8,5.4,6.5,6.8,5.6,4.2,12.1,18.2,22.3,24,22.7,23.2,104.4,136.5,154.7,180.8,142.6,93,400.5,410.7,367,285,170.5,103.5,116.7,423.1,435.3,98.3,388.5,300.3,178.1,23,108,428.6,441.7,396.4,307.3,183.3,111.5,438.2,450.9,407.8,320.5,194.1,119.1,455.2,464.6,422.2,338.5,212.4,,133.8,464.8,470.4,430.1,346.1,220.1,140.1,117.1,98.4,22.7
22,1.2,1.7,1.4,1.4,1,0.7,3.4,4.7,5.6,6,4.8,3.6,9.7,14.4,17.8,19.6,18,16.9,56.1,77.8,89.9,120.3,127.4,89.2,385.5,397,356.5,279.4,168.4,102.6,117,419.8,431.3,98.1,384.8,297.8,177.5,22.7,107.5,426,439.5,394.1,305.6,182.4,111,436.4,449.1,406.2,319.1,193.3,118.8,453.1,462.2,421.5,337.1,211.7,,133.3,462.3,468.7,428.5,345.1,219.4,139.7,116.7,98.3,22.7
23,1.1,1.7,1.3,1.2,1,0.6,3.2,4.2,5,5.2,4.4,3.1,8.1,11.7,14.9,16.4,14.9,13,35.1,49.2,57.9,74.3,102.5,83.3,356.5,372.1,340.2,272,166,101.8,115.9,415.7,426.8,97.8,381.4,295.1,175.6,22.8,106.9,423.8,436.4,392.6,303.8,181.4,110.5,434.1,447.1,404.5,317.7,192.6,118.4,450.9,460.5,418.9,335.7,211.1,,133,461.1,466.8,426.5,344.1,218.6,139.4,115.7,97.8,22.6
24,1.1,1.6,1.2,1.1,1,0.6,2.9,3.8,4.4,4.8,4,2.9,7.1,9.7,12.5,14.1,12.6,10.6,24.5,35.4,42.3,50,71.3,73.7,299.9,326.2,311.3,260.4,162.9,100.6,114.7,411.2,421.9,97.1,376.9,292.3,174.5,22.9,106.4,421.3,433.4,389.9,301.7,180.5,109.9,432.2,445,401.9,316.6,191.9,118,449.1,458.4,417.2,334.2,210.5,,132.8,458.4,465.1,424.2,343.1,217.7,139.1,114.7,97.1,22.6
25,1.1,1.5,1.1,1.1,0.9,0.6,2.6,3.4,4,4.4,3.7,2.7,6.3,8.4,10.9,12.3,10.8,9,18.4,26.5,32.7,37.6,47.1,59.5,209,245.3,261.2,240.9,158.7,99.2,114,404.3,415,96.2,370.7,288.4,173.1,22.7,105.8,418.4,430.8,386.6,299.8,179.4,109.4,429.8,442.4,399.9,314.2,191,117.6,446.9,456.3,414.9,332.9,209.6,,132.3,456.4,463.1,422.3,341.2,217.1,138.9,113.5,96.1,22.6
26,1.1,1.5,1,1,0.9,0.6,2.4,3.1,3.6,4,3.4,2.4,5.7,7.4,9.4,10.8,9.5,7.8,14.4,20.8,26,29.9,33,42.6,117.4,152.4,185.2,208.2,153.1,97.3,112.7,395,405.6,95.8,363.3,284.6,171.7,22.4,105,415,427.6,383,297.7,178.3,108.9,427.2,440.1,398.4,312.9,190.1,117.1,444.9,454.2,413.5,331.7,208.7,,131.6,454.3,460.5,420.8,339.9,216.6,138.7,111,94.8,22.7
27,1.1,1.5,1,1,0.8,0.5,2.4,3,3.2,3.6,3.2,2.2,5.1,6.5,8.3,9.6,8.5,6.8,11.8,16.8,21.5,24.8,25.5,29.2,63.8,88.2,112.4,157.6,144.6,95,109.5,381.9,392.7,93.9,353.7,279.9,170,22.3,104.3,411.2,423.9,379.9,295.3,177.2,108.4,425.2,437.6,396.4,311.9,189.4,116.5,443.1,451.8,411.2,330.6,208.1,,131.3,452.3,458.5,419.1,338.7,215.9,138.2,106.4,93,22.7
28,1,1.5,0.9,1,0.7,0.5,2.3,2.9,2.9,3.4,2.9,2.1,4.7,5.8,7.3,8.6,7.6,6.1,10.2,14,17.8,21,20.8,21.3,39.3,54.4,70.6,103.9,129.5,91.9,101,354.3,369.9,90.1,340.1,273.6,167.5,22.1,103.4,407.2,418.9,376.1,292.9,176.1,107.8,423,435.9,393.9,310.1,188.7,116.1,440.8,449.3,409.3,329.6,207.7,,131.1,449.9,456.1,416.8,337.4,215.2,137.6,96.5,88.7,22.4
29,0.9,1.5,0.9,1,0.7,0.4,2.2,2.7,2.7,3.2,2.8,2.1,4.3,5.3,6.6,7.9,7.1,5.5,8.9,11.9,15.3,18.1,17.5,16.4,27.8,39,49.1,67.6,107.1,87.2,83.8,301.3,326.6,83.9,315.4,263.8,165.3,22.1,102.5,402.9,413.2,371.2,290,174.9,107.1,420.7,432.9,391.8,308.6,187.8,115.6,438.4,447,407.3,327.2,206.8,,130.6,447.6,453.3,414.6,336.2,214.4,137.1,78.5,80.5,22.2
30,0.9,1.5,0.8,0.9,0.7,0.4,2.1,2.5,2.5,3.1,2.7,1.9,4,4.9,5.9,7.2,6.6,4.9,7.9,10.4,13.2,15.8,15.1,13.6,20.9,29.4,37.6,47.5,77.2,79.8,60,210.8,250.3,71.6,271.1,250.3,161.5,22,101.2,397.4,407.3,365.5,286.6,173.6,106.4,417.9,430.2,389.4,307.3,186.8,115.3,436.3,444.6,405.3,325.7,205.8,,130.1,445.1,450.9,413,334.6,213.8,136.6,55.3,67,22
31,0.9,1.5,0.8,0.9,0.7,0.4,2,2.4,2.4,3,2.5,1.7,3.8,4.5,5.4,6.7,6.2,4.5,7.3,9.1,11.6,14.2,13.3,11.6,16.8,23.2,30.1,37.2,51.5,69,34.5,120.6,156.2,51.6,199.4,226,157.8,21.8,99.8,388.9,398.7,359.4,283,172.2,105.7,416.1,428.1,386.9,305,185.8,115.1,434.2,442.5,403.2,324.4,204.8,,129.8,443.4,448.7,411.1,332.5,212.9,136.2,32.6,47.4,21.9
32,0.9,1.5,0.7,0.9,0.7,0.4,2,2.3,2.3,2.8,2.4,1.7,3.6,4.3,4.9,6.2,5.7,4.3,6.7,8.2,10.4,12.7,12,10.1,14,18.9,25,30.5,36.6,54.2,18.5,66.6,90.7,33.3,126.1,183.6,152.3,21.7,98.1,375.7,386.4,351,278.6,170.1,105,413.7,425.4,385.1,303.1,184.7,114.4,432.1,440.5,401.5,323.2,203.9,,129.6,440.8,447,409,331.3,212.1,135.9,17.7,30.1,21.7
33,0.9,1.5,0.7,0.8,0.6,0.4,1.8,2.2,2.2,2.6,2.3,1.6,3.4,4,4.7,5.9,5.4,4,6.3,7.4,9.3,11.7,11,9.1,12.2,16,21,25.9,28.5,39.2,11.5,41.7,56.9,20.2,78.6,126.8,143.7,21.6,96.5,351.5,366.9,339.1,272.7,168.5,104.2,410.2,423.2,382.9,301,183.9,113.7,429.7,438.3,399.3,321.6,203.1,,128.9,438.8,445.2,407.1,330.3,211.3,135.5,11.7,18.9,21.6
34,0.8,1.4,0.7,0.7,0.6,0.4,1.7,2.1,2.2,2.6,2.1,1.6,3.3,3.7,4.4,5.5,5,3.8,5.9,6.8,8.6,10.6,10,8,10.9,13.7,18,22.4,23.7,28,8.3,29.9,41,13.1,54,80.3,129.4,21.2,93.6,304,331.4,319.7,265.1,166.3,103.4,407.7,420.7,380,299,183.1,113,427.3,436,397.1,320.2,202.4,,128.2,436.4,442.9,405.1,328.6,210.6,135.2,8.4,12.9,20.9
35,0.8,1.3,0.7,0.7,0.6,0.4,1.6,2,2,2.5,2,1.5,3.2,3.5,4.1,5.2,4.8,3.6,5.6,6.3,7.8,9.9,9.3,7.5,9.8,12.2,15.8,19.8,20.2,21.1,6.6,23.1,31.4,9.8,41.2,55.2,106.1,20.3,90.1,223.5,263.8,285,254.5,163.4,102.4,405,418.1,377.8,297.6,182,112.4,424.8,433.6,395.3,318.1,201.5,,127.7,434.4,440.2,403.1,327.1,209.9,134.8,6.7,10,20
36,0.8,1.3,0.7,0.8,0.6,0.4,1.5,1.9,1.9,2.4,1.9,1.4,3,3.4,3.8,5,4.6,3.4,5.2,5.9,7.3,9.2,8.7,6.9,9.1,10.9,14.1,17.7,17.7,17.2,5.7,18.6,25.2,8.2,33.1,42.8,76.4,19,84.5,134.4,172.5,224.2,237.4,160.5,101.2,403.3,415.2,375.8,295.6,180.8,111.9,421.9,430.9,393.1,316.5,200.7,,127.3,431.8,437.4,401.1,325.5,209.2,134.4,5.8,8.5,18.4
37,0.7,1.4,0.7,0.8,0.6,0.4,1.5,1.8,1.8,2.2,1.9,1.2,2.9,3.2,3.5,4.7,4.3,3.3,5,5.5,6.8,8.6,8.2,6.4,8.4,9.9,12.8,16.1,15.8,14.5,5.1,15.7,20.6,7.3,27.3,34.9,52.5,16.9,76,73.3,99.7,147.3,207,157.1,99.8,400.6,412.7,372.8,293.7,179.8,111.4,419.8,428.4,391.3,315.3,199.8,,126.8,429.7,435.8,398.6,323.8,208.3,133.9,5.3,7.4,16.1
38,0.7,1.4,0.7,0.8,0.5,0.3,1.5,1.8,1.7,2.1,1.9,1.2,2.8,3.1,3.3,4.5,4.1,3.1,4.8,5.2,6.3,8.1,7.8,6,7.9,9,11.6,14.7,14.4,12.8,4.6,13.9,17.5,6.5,23.2,29.7,38.1,13.7,62.8,45.4,61.9,90.2,160.3,151.4,98.3,398,409.5,369.8,291.8,178.9,110.8,418.2,426.5,389.5,313.3,199,,126.2,427.2,433.5,396.5,322.3,207.3,133.4,5.2,6.7,13.1
39,0.7,1.4,0.6,0.7,0.5,0.3,1.5,1.7,1.7,2.1,1.8,1.2,2.8,2.9,3.2,4.3,4,3,4.5,4.9,5.9,7.7,7.3,5.7,7.4,8.3,10.7,13.6,13.3,11.5,4.1,12.7,15.2,5.9,20.1,25.7,30.3,10.3,46.5,32.4,44.2,60.7,109.2,142.9,96.8,395,405.8,367.1,289.7,177.8,110.2,415.9,424.1,386.6,311.5,198.3,,125.8,425.6,430.7,394.5,320.9,206.5,132.7,4.6,6.2,10.1
40,0.7,1.4,0.7,0.7,0.5,0.2,1.4,1.7,1.6,1.9,1.7,1.2,2.7,2.8,3.1,4.1,3.9,3,4.3,4.7,5.5,7.2,6.9,5.4,7.1,7.7,9.8,12.6,12.3,10.4,3.9,11.6,13.7,5.5,17.8,22.8,25.4,7.5,33.1,25.1,33.9,45.5,71.8,130.5,94.7,392.3,402.7,364.2,287.5,176.8,109.6,413.4,421.8,384.9,310,197.6,,125.5,423.5,428.8,392.7,318.8,205.7,132,4.4,5.7,7.4
41,0.7,1.4,0.7,0.7,0.5,0.2,1.3,1.7,1.5,1.8,1.6,1.1,2.6,2.7,3,3.8,3.7,2.9,4.2,4.5,5.2,6.9,6.6,5.2,6.7,7.1,9.1,11.8,11.5,9.6,3.8,10.7,12.3,4.8,15.8,20.5,22.1,5.5,24.9,20.5,27.1,36.5,52.1,109.6,91.5,388.9,399.5,361,285.3,175.6,109,411,419.5,382.9,308.7,196.7,,125,420.8,426.4,390.9,317.4,204.8,131.6,4.3,5.3,5.6
42,0.8,1.3,0.7,0.8,0.4,0.2,1.3,1.7,1.4,1.8,1.5,1.1,2.5,2.7,2.8,3.6,3.6,2.7,4.2,4.3,4.9,6.5,6.3,4.9,6.3,6.6,8.5,11,10.7,8.9,3.5,10.1,11.3,4.6,14.3,18.8,19.4,4.4,20,17.5,22.5,30.5,41.2,80.8,87,385.3,395.9,357.6,282.5,174.5,108.4,408.6,417.4,380.5,307.5,195.7,,124.4,418.8,423.6,388.7,316.1,203.8,131.3,4,5.1,4.6
43,0.8,1.2,0.7,0.7,0.4,0.2,1.3,1.7,1.4,1.7,1.5,1.1,2.4,2.6,2.7,3.4,3.4,2.6,3.9,4.1,4.6,6.2,6.1,4.8,6,6.3,8,10.4,10.2,8.4,3.2,9.6,10.3,4.6,13.1,17.2,17.7,4,16.9,15.6,19.3,25.9,34.5,55.8,80.6,382.1,390.8,354.3,280.4,173.3,107.8,406.2,415.1,378.6,306.2,194.7,,123.9,416.7,421.8,386.5,314.8,203.2,130.9,4,4.9,3.8
44,0.8,1.3,0.7,0.6,0.4,0.2,1.3,1.7,1.4,1.6,1.4,1,2.4,2.5,2.7,3.3,3.2,2.5,3.8,3.9,4.4,5.9,5.9,4.6,5.8,6.1,7.5,9.8,9.7,7.9,3,9.1,9.6,4.3,12.1,16,16.2,3.6,15,14,16.6,22.4,29.7,40.6,70.4,378.1,387.3,350,277.2,171.5,107,404,412.6,376.6,304.9,193.6,,123.4,414,419.5,384.3,313.3,202.7,130.4,3.7,4.8,3.4
45,0.8,1.3,0.6,0.6,0.4,0.2,1.2,1.6,1.3,1.5,1.5,0.9,2.3,2.5,2.5,3.3,3.1,2.5,3.7,3.8,4.3,5.7,5.6,4.5,5.6,5.8,7.1,9.3,9.3,7.5,2.9,8.5,8.9,3.9,11.2,14.8,15.2,3.3,13.4,12.9,15,19.8,26.2,32.4,56.7,372.9,381.5,345.2,274.8,170.2,106.2,402,410.2,374.4,302.6,192.7,,123,411.9,417.1,382.3,311.7,201.6,129.9,3.7,4.5,3.2
46,0.7,1.3,0.4,0.6,0.4,0.2,1.1,1.5,1.3,1.5,1.5,1,2.2,2.4,2.3,3.2,3,2.4,3.6,3.7,4.1,5.4,5.3,4.3,5.5,5.6,6.7,8.8,8.8,7.2,2.7,8.1,8.4,3.8,10.4,13.9,14.2,2.9,12.5,12.1,13.5,17.8,23.6,27.4,42.2,365.5,374.2,340.2,271.8,169,105.6,399.8,407.4,372.4,300.5,191.8,,122.6,409.3,414.4,380.2,310.3,200.5,129.4,3.3,4.3,3
47,0.6,1.3,0.2,0.6,0.3,0.2,1,1.5,1.3,1.4,1.4,1.1,2.1,2.4,2.3,3.1,2.9,2.3,3.5,3.5,3.8,5.2,5.1,4.2,5.3,5.4,6.4,8.4,8.5,6.9,2.5,7.8,7.8,4,9.8,13.1,13.4,2.8,11.6,11.3,12.4,16,21.4,24.2,31,355.8,365.2,333.7,268.4,167.8,105.1,397.6,405.2,370.2,299.1,191,,122.1,407.3,411.9,378.2,309,199.5,128.8,3.1,4.3,2.8
48,0.7,1.3,0.2,0.6,0.3,0.2,1,1.5,1.2,1.3,1.3,1,2,2.3,2.3,2.9,2.8,2.2,3.3,3.4,3.8,5,4.9,4,5.2,5.1,6.1,8,8.1,6.6,2.4,7.4,7.5,3.4,9.2,12.4,12.6,2.9,10.8,10.7,11.4,14.8,19.7,21.4,24.1,338.7,350.4,325.1,263.9,166,104.3,395.5,403.4,368.4,297.9,190.4,,121.5,404.9,409.9,376.3,307,198.5,128.2,3.2,4.2,2.7
49,0.7,1.2,0.2,0.5,0.3,0.2,1,1.5,1.2,1.1,1.2,1,2,2.2,2.2,2.7,2.8,2.1,3.3,3.3,3.7,4.7,4.8,2.9,5,5,5.7,7.6,7.7,6.3,2.3,7.2,7.3,3.3,8.7,11.7,12,2.5,10.1,10.2,10.7,13.8,18.4,19.6,20.1,303.9,325.3,312.4,258.9,164.4,103.5,393.2,401.1,366,296.8,189.6,,121.1,402.7,407.8,374,305.4,197.9,127.7,3.2,3.8,2.9
50,0.7,1.3,0.2,0.5,0.3,0.2,1,1.6,1.2,1.2,1.1,0.9,1.9,2.2,2,2.6,2.8,2,3.2,3.2,3.6,4.4,4.7,1.8,4.8,4.9,5.5,7.3,7.3,6.1,2.2,6.9,6.9,3.3,8.1,11.1,11.5,2.6,9.5,9.9,10,12.9,17.2,17.9,17.5,239.6,279.4,293.5,253.8,162.9,102.8,390.9,398.6,363.9,294.5,188.7,,120.8,401,405.5,372,303.9,197.3,127.3,3,3.6,2.5
51,0.6,1.3,0.2,0.5,0.3,0.2,1,1.5,1.2,1.2,1.1,0.8,1.9,2.2,2,2.7,2.6,2,3.1,3.1,3.4,4.4,4.5,1,4.6,4.7,5.3,7.1,7.2,5.9,2.1,6.6,6.6,3.1,7.7,10.4,10.9,2.4,8.9,9.5,9.5,12,16,16.8,15.6,152.6,201.5,256.6,245.7,161.2,102.1,388.7,396.2,362.2,292.9,187.5,,120.1,398.6,403.3,370.3,302.2,196.5,126.8,2.9,3.5,2.2
52,0.7,1.2,0.1,0.5,0.3,0.2,0.9,1.5,1.2,1.2,1.1,0.8,1.9,2,2,2.7,2.5,2,3,3.1,3.3,4.3,4.4,0.1,4.5,4.5,5.1,6.8,7.1,5.7,2,6.4,6.3,3,7.4,10,10.3,2.2,8.6,9.1,9.1,11.3,15.1,15.7,14.1,85,119.8,199.3,234,159,101.2,386.4,393.9,360.1,291.5,186.2,,119.3,396.3,401.4,368.3,300.8,195.6,126.4,2.9,3.4,2.2
53,0.8,1.1,0.1,0.6,0.3,0.3,1,1.5,1.1,1.2,1,0.8,1.9,1.9,2,2.6,2.4,1.9,2.9,3.1,3.2,4.1,4.3,0.2,4.4,4.3,4.9,6.5,6.8,5.5,1.9,6.2,6.1,2.8,7,9.6,10,2.3,8.3,8.7,8.6,10.6,14.3,14.9,13.2,53.6,73.2,132.5,214.9,156.9,100.2,384.1,391.6,357.8,289.6,185.6,,118.8,394.2,399,366,299.3,194.6,125.9,2.8,3.5,2.2
54,0.8,1.2,0.2,0.6,0.2,0.3,1,1.4,1.1,1.2,0.9,0.7,1.8,1.9,1.9,2.5,2.4,1.9,2.8,3,3.1,4,4.1,0.3,4.3,4.2,4.7,6.2,6.5,5.4,1.9,6,5.9,2.7,6.7,9.3,9.7,2.4,8,8.3,8.1,9.9,13.6,14.2,12.3,38,50.4,82.1,180.8,153.6,99.1,382.1,389.4,355.1,288,185.2,,118.3,392,396.2,364.1,297.6,193.5,125.4,2.6,3.1,2.3
55,0.8,1.1,0.2,0.6,0.3,0.2,1,1.4,1.1,1.1,1,0.7,1.8,1.9,1.8,2.3,2.3,1.8,2.8,2.9,3.1,3.8,4,0.2,4.2,4,4.5,5.9,6.4,5.3,1.9,5.8,5.8,2.8,6.4,9,9.3,2,7.6,8,7.8,9.3,12.9,13.6,11.5,30.3,38.7,58.5,131.7,150.1,98,379.6,387.6,353.4,286.6,184.1,,117.9,389.9,393.9,362,295.9,192.6,125,2.5,3.2,2.4
56,,,,,0.4,0.1,0.9,1.4,1.1,1.2,1,0.7,1.7,1.9,1.6,2.2,2.2,1.8,2.8,2.8,2.9,3.6,4,0.2,4.2,3.9,4.4,5.8,6.2,5.1,1.9,5.6,5.6,2.8,6.1,8.6,9,2,7.3,7.8,7.5,8.9,12.4,13,11,25.2,31.4,44.8,86.7,145.1,96.9,377.4,385.3,352.2,285.3,182.7,,117.4,387.3,392,360,294.4,191.8,124.6,2.9,3.1,2.2
57,,,,,,,1,1.4,1.1,1.2,0.9,0.6,1.7,1.9,1.6,2.1,2.2,1.7,2.8,2.7,2.7,3.5,3.7,0.2,4.1,3.9,4.2,5.6,6,5,2,5.5,5.3,2.4,5.9,8.2,8.6,1.9,7.1,7.5,7.2,8.6,12,12.5,10.5,22,26.5,37.1,61.4,138.2,95.9,375.5,382.7,349.8,283.8,181.7,,116.8,385.7,390.1,358.3,292.9,190.8,124.1,2.8,2.9,2.2
58,,,,,,,1,1.4,1.1,1.2,0.9,0.6,1.6,1.8,1.6,2,2.2,1.6,2.7,2.7,2.7,3.5,3.5,0.3,4,3.8,4.1,5.5,5.8,4.8,1.9,5.4,5.1,2.1,5.8,7.8,8.3,1.8,6.9,7.3,7,8.3,11.5,12,10,19.7,22.8,31.3,47.9,126.6,94.4,373.3,380.6,347.9,281.8,180.7,,116.2,383.6,387.8,356.3,291.5,189.9,123.4,2.5,2.8,2.1
59,,,,,,,0.9,1.4,1,1.2,0.9,0.6,1.5,1.8,1.6,1.9,2.1,1.6,2.7,2.6,2.7,3.3,3.5,0.2,3.9,3.7,4,5.3,5.6,4.6,1.7,5.3,5,2,5.6,7.5,8.1,1.8,6.8,7.1,6.7,7.9,11,11.5,9.6,18.2,20.2,27.4,39.9,107.9,92.7,371,378.4,346.1,280.3,179.8,,115.8,381.6,385.7,354.4,289.8,189.1,122.8,2.4,2.5,2
60,,,,,,,1,1.3,1,1.1,1,0.6,1.5,1.8,1.5,1.9,1.9,1.5,2.7,2.6,2.6,3.2,3.5,0.2,3.8,3.6,3.9,5.1,5.4,4.5,1.6,5.2,4.8,2,5.5,7.2,7.9,1.9,6.6,6.9,6.5,7.7,10.5,10.9,9.3,17,18.2,24.2,34.9,82.3,90,369.1,376.2,343.8,278.9,178.8,,115.3,379.5,383.7,352.5,288.6,188.3,122.2,2.4,2.5,1.8
61,,,,,,,,,,1.1,0.9,0.6,1.4,1.8,1.5,1.9,1.9,1.5,2.6,2.5,2.5,3.1,3.3,0.2,3.6,3.5,3.8,4.9,5.3,4.4,1.5,5,4.7,1.9,5.3,6.9,7.6,2,6.4,6.7,6.3,7.4,10.1,10.7,9,16,16.7,21.9,31,58.9,87,367,374.3,342.1,277.6,178,,114.8,377.6,381.5,350.4,287.4,187.2,121.9,2.2,2.5,2
62,,,,,,,,,,,0.9,0.6,1.5,1.7,1.5,1.9,1.9,1.6,2.5,2.5,2.5,3,3.2,0.2,3.5,3.4,3.7,4.7,5.2,4.3,1.4,4.9,4.6,1.9,5.1,6.8,7.3,1.8,6.3,6.6,6.2,7.1,9.7,10.5,8.7,15.2,15.5,20.1,28,44,82.5,364.9,372.3,340.2,276.2,177.1,,114.1,375.5,379.6,348.7,285.6,186.1,121.7,2.2,2.5,1.9
63,,,,,,,,,,,,0.6,1.5,1.7,1.4,1.9,1.8,1.5,2.5,2.4,2.5,2.9,3.1,0.3,3.4,3.3,3.5,4.6,5,4.2,1.4,4.8,4.5,1.6,4.9,6.6,7.2,1.8,6.1,6.4,6,6.9,9.4,10.1,8.5,14.5,14.4,18.6,25.7,35.7,75.3,363.1,370.1,338,274.5,176.4,,113.6,373.6,377.4,346.8,284.2,185.5,121.2,2.1,2.4,1.8
64,,,,,,,,,,,,,1.5,1.7,1.3,1.8,1.7,1.4,2.5,2.3,2.4,2.8,3.1,0.3,3.4,3.2,3.3,4.5,4.8,4.1,1.4,4.7,4.4,1.7,4.8,6.4,7,1.9,5.9,6.2,5.9,6.6,9.1,9.8,8.3,13.9,13.6,17.3,23.8,30.8,64.4,360.9,367.8,336.5,273,175.6,,113,371.4,375,344.9,283.1,185,120.7,2,2.2,1.8
65,,,,,,,,,,,,,1.5,1.6,1.4,1.7,1.7,1.3,2.3,2.2,2.3,2.8,3,0.3,3.4,3.2,3.3,4.4,4.7,4,1.3,4.6,4.4,1.7,4.7,6.2,6.8,1.8,5.8,6.1,5.7,6.4,8.7,9.5,8.1,13.3,12.9,16.2,22.2,27.6,50.7,358.7,365.7,334.5,271.4,174.6,,112.4,369.4,372.9,343.1,282,184.2,120,1.9,2.1,1.7
66,,,,,,,,,,,,,,,,1.6,1.7,1.3,2.2,2.2,2.3,2.7,2.9,0.3,3.3,3.2,3.3,4.2,4.5,3.9,1.3,4.4,4.3,1.5,4.6,6,6.6,1.8,5.7,5.9,5.6,6.2,8.4,9.3,7.9,12.8,12.4,15.2,21.1,25,38.1,356.6,362.9,332.2,269.8,173.6,,111.9,367.4,371.2,341.4,279.8,183.2,119.3,1.8,2.1,1.6
67,,,,,,,,,,,,,,,,,1.7,1.3,2.2,2.2,2.3,2.6,2.9,0.3,3.2,3.2,3.2,4.1,4.4,3.9,1,4.4,4.3,1.4,4.4,5.8,6.4,1.7,5.6,5.8,5.4,6,8.2,8.9,7.6,12.5,11.9,14.4,19.9,23.2,29.7,354.9,360.8,330.6,268.4,172.6,,111.4,365.3,369.2,339.5,278.6,182.3,118.9,1.7,2.1,1.4
68,,,,,,,,,,,,,,,,,1.8,1.2,2.2,2.2,2.3,2.6,2.9,0.2,3.1,3,3.1,4,4.4,3.8,1,4.3,4.2,1.4,4.2,5.6,6.2,1.4,5.4,5.7,5.1,5.8,7.9,8.6,7.3,12.1,11.2,13.7,18.9,21.6,24.4,353.1,359,328.4,266.7,171.7,,110.9,363.8,367.2,337.4,277.1,181.5,118.5,1.6,2.1,1.6
69,,,,,,,,,,,,,,,,,,1.1,2.1,2.1,2.2,2.6,2.8,0.2,3.1,2.9,3.1,3.9,4.3,3.6,1.2,4.1,4,1.3,4.1,5.4,5.9,1.4,5.2,5.5,5,5.6,7.6,8.4,7.1,11.8,10.7,13,17.8,20.4,21.4,351,357.3,326.1,265.2,170.9,,110.4,361.5,365.1,335.7,275.6,180.6,117.9,1.5,1.9,1.5
70,,,,,,,,,,,,,,,,,,,2.1,2.1,2.1,2.6,2.7,0.2,3,2.9,3,3.7,4.2,3.4,1.4,4,3.9,1.3,4,5.2,5.7,1.5,5.1,5.3,5,5.5,7.3,8.2,7,11.5,10.3,12.5,17,19.4,19.3,349,355.1,324.6,263.8,170.1,,110,359.4,362.9,334.3,274.4,179.7,117.3,1.5,1.8,1.4
71,,,,,,,,,,,,,,,,,,,,,2,2.6,2.6,0.2,3,2.9,3,3.6,4.1,3.3,1.2,4,3.9,1.3,3.9,5.1,5.6,1.4,5.1,5.2,4.9,5.3,7,7.9,6.8,11.2,10,12.1,16.3,18.6,17.8,346.7,353,323,261.7,169.1,,109.3,357.4,361.2,332.3,273.2,178.8,116.8,1.6,2,1.6
72,,,,,,,,,,,,,,,,,,,,,,2.5,2.6,0.2,3,2.9,2.9,3.5,4,2.4,0.8,3.9,3.9,1.4,3.8,5,5.5,1.4,4.9,5.2,4.7,5.2,6.8,7.7,6.7,10.9,9.7,11.6,15.7,17.8,16.6,344.8,350.9,320.8,260.3,168,,108.6,355.6,359.2,329.9,271.1,177.9,116.3,1.6,1.8,1.5
73,,,,,,,,,,,,,,,,,,,,,,,2.5,0.2,3,2.8,2.8,3.4,3.9,0.9,1,3.8,3.8,1.4,3.7,4.9,5.4,1.4,4.7,5.1,4.7,5.1,6.7,7.5,6.5,10.6,9.4,11.1,15.1,17,15.5,342.7,349.1,319.2,258.9,167.2,,108.1,354.3,356.7,328.4,270.1,177,115.9,1.6,1.6,1.5
74,,,,,,,,,,,,,,,,,,,,,,,2.4,0.1,2.9,2.7,2.8,3.3,3.7,0.2,0.9,3.7,3.7,1.3,3.6,4.7,5.3,1.4,4.6,4.9,4.7,4.9,6.6,7.2,6.3,10.3,9.2,10.7,14.6,16.3,14.8,340.4,347,316.7,257.6,166.4,,107.6,352.6,354.9,326.6,268.7,176.2,115.4,1.4,1.5,1.4
75,,,,,,,,,,,,,,,,,,,,,,,,0.1,2.7,2.6,2.7,3.2,3.7,0.1,1,3.6,3.6,1.3,3.5,4.6,5.1,1.4,4.5,4.8,4.5,4.8,6.4,7.1,6.1,10.1,9,10.3,14.2,15.8,14.2,338.4,344.8,314.8,256.1,165.5,,107.1,350.2,353.9,324.9,267.2,175.4,114.9,1.3,1.5,1.3
76,,,,,,,,,,,,,,,,,,,,,,,,0.2,,,2.7,3.2,3.6,0.1,1.2,3.5,3.5,1.2,3.4,4.5,4.9,1.5,4.4,4.8,4.3,4.7,6.2,7,6,9.8,8.7,9.9,13.7,15.3,13.7,336.6,342.8,313.3,254.7,164.6,,106.5,348.5,351.8,323.2,265.9,174.7,114.5,1.4,1.5,1.4
77,,,,,,,,,,,,,,,,,,,,,,,,,,,,3.2,3.5,0.1,0.9,3.4,3.6,1.2,3.3,4.4,4.8,1.4,4.3,4.7,4.2,4.6,6.1,6.8,5.9,9.5,8.4,9.5,13.2,14.8,13.1,334.7,340.4,311.2,252.8,163.6,,105.9,346.8,349.6,320.9,264.3,174,114.2,1.6,1.4,1.3
78,,,,,,,,,,,,,,,,,,,,,,,,,,,,,3.5,0.1,1.1,3.4,3.5,1.1,3.3,4.3,4.7,1,4.2,4.6,4.1,4.5,5.9,6.7,5.8,9.2,8.3,9.2,12.7,14.4,12.7,332.5,338.5,309.8,251.6,162.7,,105.3,344.3,347.8,319.9,263.2,173.3,113.9,1.4,1.3,1.3
79,,,,,,,,,,,,,,,,,,,,,,,,,,,,,3.4,0.1,1,3.4,3.3,1.1,3.2,4.1,4.5,1.1,4.1,4.5,4.1,4.3,5.7,6.5,5.6,9,8.2,9,12.2,13.9,12.3,330.3,336.3,307.7,249.7,161.9,,104.9,342.4,345.5,318.4,262.3,172.5,113.4,1.1,1.4,1.3
80,,,,,,,,,,,,,,,,,,,,,,,,,,,,,3.3,0.1,0.9,3.4,3.2,1.2,3.1,4,4.4,1.1,3.9,4.3,4,4.2,5.5,6.3,5.4,8.8,7.9,8.8,11.9,13.5,12,328.9,334.1,305.7,248.2,161.1,,104.5,340.7,344,316.4,261,171.7,112.7,1.2,1.4,1.2
81,,,,,,,,,,,,,,,,,,,,,,,,,,,,,,0.2,,,,0.9,3.1,3.9,4.4,1.1,3.8,4.3,4,4.2,5.4,6.1,5.3,8.6,7.7,8.5,11.6,13.2,11.7,327.2,332.3,304,246.8,160.1,,104.1,339,342.1,314.5,259.7,170.9,112.2,,1.2,1.1
82,,,,,,,,,,,,,,,,,,,,,,,,,,,,,,0.1,,,,,,3.8,4.4,1.3,3.8,4.3,3.9,4.1,5.2,6,5.3,8.5,7.6,8.3,11.3,12.9,11.4,324.8,330.6,301.5,245.5,159.1,,103.6,337.4,340.2,313.3,257.9,170,111.6,,,1.1
83,,,,,,,,,,,,,,,,,,,,,,,,,,,,,,,,,,,,3.7,4.3,1.1,3.8,4.3,3.9,3.9,5,5.8,5.2,8.4,7.4,8,10.9,12.6,11.2,322.5,328.4,299.9,243.3,158.1,,103.2,335.5,338.3,312,256.3,169.4,111.1,,,1.2
84,,,,,,,,,,,,,,,,,,,,,,,,,,,,,,,,,,,,,4.2,1,3.7,4.1,3.8,3.9,4.9,5.7,5,8.2,7.3,7.8,10.7,12.3,10.9,320.9,326.3,297.6,242.4,157,,102.8,333.9,336.7,310.1,255.1,168.9,110.7,,,1.2
85,,,,,,,,,,,,,,,,,,,,,,,,,,,,,,,,,,,,,4,1,3.5,4,3.8,3.8,4.8,5.5,4.9,8.1,7.1,7.5,10.4,11.9,10.7,319.2,324.7,296.3,241,156,,102,332.5,334.9,308,254.1,167.9,110.2,,,1
86,,,,,,,,,,,,,,,,,,,,,,,,,,,,,,,,,,,,,3.9,0.9,3.5,,,3.7,4.6,5.3,4.8,7.9,6.8,7.3,10.1,11.6,10.4,317.3,322.4,294.7,239.4,155,,101.3,330.8,333,306.7,252.6,166.7,109.8,,,1.1
87,,,,,,,,,,,,,,,,,,,,,,,,,,,,,,,,,,,,,,0.9,3.6,,,,4.5,5.2,4.8,7.7,6.6,7.2,9.8,11.4,10.2,315.4,320.4,292.6,238,154.2,,100.8,328.6,331.3,305.4,251.2,165.9,109.3,,,1.3
88,,,,,,,,,,,,,,,,,,,,,,,,,,,,,,,,,,,,,,1,3.4,,,,4.4,5.1,4.7,7.5,6.6,7.1,9.5,11.2,9.9,313.3,318.7,290.7,236.3,153.4,,100.4,327,329.8,303.8,249.9,165.3,108.7,,,1.2
89,,,,,,,,,,,,,,,,,,,,,,,,,,,,,,,,,,,,,,0.7,3.3,,,,,5,4.6,7.4,6.5,6.9,9.3,10.8,9.7,311,316.5,288.9,234.3,152.6,,99.8,325.4,328.2,302.1,248.7,164.6,108.5,,,
90,,,,,,,,,,,,,,,,,,,,,,,,,,,,,,,,,,,,,,,,,,,,4.9,4.5,7.3,6.5,6.8,9.1,10.5,9.5,309.1,313.9,286.8,232.7,151.7,,99.2,323.9,326,300.1,247.4,164,108.4,,,
91,,,,,,,,,,,,,,,,,,,,,,,,,,,,,,,,,,,,,,,,,,,,4.7,4.4,7.2,6.4,6.7,8.8,10.3,9.3,306.7,311.7,284.5,231.3,150.7,,98.6,322.3,324,298.1,246,163.2,107.8,,,
92,,,,,,,,,,,,,,,,,,,,,,,,,,,,,,,,,,,,,,,,,,,,4.6,4.3,7,6.3,6.6,8.6,10.1,9,304,309.1,282.1,229.9,149.7,,98.1,320.3,322.3,296.5,245,162.3,107.1,,,
93,,,,,,,,,,,,,,,,,,,,,,,,,,,,,,,,,,,,,,,,,,,,,4.2,6.9,6.2,6.4,8.3,9.8,8.8,301.8,306.4,280.8,228.2,148.9,,97.6,318.7,320.8,295.1,244.1,161.5,106.6,,,
94,,,,,,,,,,,,,,,,,,,,,,,,,,,,,,,,,,,,,,,,,,,,,4.2,6.8,6,6.2,8.1,9.5,8.6,299.5,303.6,277.9,226.6,148.1,,97,317.3,319.3,293.7,242.8,160.7,106.3,,,
95,,,,,,,,,,,,,,,,,,,,,,,,,,,,,,,,,,,,,,,,,,,,,4.1,6.8,5.8,6.1,8,9.3,8.4,296.2,300.4,275.2,224.8,147.2,,96.5,315.3,317.2,292.3,241.4,159.8,105.9,,,
96,,,,,,,,,,,,,,,,,,,,,,,,,,,,,,,,,,,,,,,,,,,,,,6.6,5.7,6,7.8,9.1,8.3,291.8,296.2,272.3,223.1,146.3,,96,313.5,315.4,290.6,240.2,158.8,105.4,,,
97,,,,,,,,,,,,,,,,,,,,,,,,,,,,,,,,,,,,,,,,,,,,,,6.4,5.6,5.9,7.6,8.9,8.2,286.7,291.2,269.4,221.6,145.3,,95.4,312.1,314,289.1,239,158.3,105,,,
98,,,,,,,,,,,,,,,,,,,,,,,,,,,,,,,,,,,,,,,,,,,,,,6.3,5.5,5.9,7.4,8.7,8,278.5,285.4,265.8,219.6,144.2,,94.8,310.7,312.3,287.3,237.7,157.8,104.6,,,
99,,,,,,,,,,,,,,,,,,,,,,,,,,,,,,,,,,,,,,,,,,,,,,6.3,5.4,5.7,7.2,8.5,7.8,265.2,276.2,261.9,217.5,143.4,,94.3,309,310.9,285.7,236.3,157.1,104,,,
100,,,,,,,,,,,,,,,,,,,,,,,,,,,,,,,,,,,,,,,,,,,,,,6.2,5.3,5.6,7,8.3,7.7,237.8,261.3,256.3,215.2,142.7,,93.8,307.2,309.1,284.3,235.2,156.3,103.4,,,
101,,,,,,,,,,,,,,,,,,,,,,,,,,,,,,,,,,,,,,,,,,,,,,,5.3,5.5,6.8,8.1,7.5,189,233.6,250,213,141.6,,93.3,305.6,307.4,282.8,234.1,155.4,103,,,
102,,,,,,,,,,,,,,,,,,,,,,,,,,,,,,,,,,,,,,,,,,,,,,,,5.4,6.7,8,7.3,125.6,183.8,240.4,210.5,140.5,,92.9,304.2,306,281.5,233.1,154.5,102.6,,,
103,,,,,,,,,,,,,,,,,,,,,,,,,,,,,,,,,,,,,,,,,,,,,,,,,6.6,7.9,7.1,74.4,122.1,223.3,207.7,139.4,,92.3,302.5,304.3,280.3,232.1,153.8,102.1,,,
104,,,,,,,,,,,,,,,,,,,,,,,,,,,,,,,,,,,,,,,,,,,,,,,,,6.5,7.7,7,51.4,75.7,193.3,204.2,138.4,,91.6,300.3,302.8,278.8,230.5,153.1,101.7,,,
105,,,,,,,,,,,,,,,,,,,,,,,,,,,,,,,,,,,,,,,,,,,,,,,,,6.4,7.5,6.9,39.5,52.3,141.8,200,137.3,,91.1,298.9,301,277.1,229.1,152.4,101.4,,,
106,,,,,,,,,,,,,,,,,,,,,,,,,,,,,,,,,,,,,,,,,,,,,,,,,,7.3,6.9,33.7,40.4,91.3,194.3,136.2,,90.6,297.5,299.5,275.9,228,151.7,101.1,,,
107,,,,,,,,,,,,,,,,,,,,,,,,,,,,,,,,,,,,,,,,,,,,,,,,,,7.2,6.8,29.7,33.9,62.5,186.9,135.1,,90.1,296.1,298.2,274.4,227,151.1,100.6,,,
108,,,,,,,,,,,,,,,,,,,,,,,,,,,,,,,,,,,,,,,,,,,,,,,,,,7.1,6.7,27.2,29.4,47.3,173.8,134,,89.7,294.1,296.8,272.9,225.9,150.6,100,,,
109,,,,,,,,,,,,,,,,,,,,,,,,,,,,,,,,,,,,,,,,,,,,,,,,,,6.9,6.5,25.3,26.2,39.5,150.3,132.7,,88.9,292.8,295.2,271.6,224.7,149.8,99.5,,,
110,,,,,,,,,,,,,,,,,,,,,,,,,,,,,,,,,,,,,,,,,,,,,,,,,,6.7,6.4,24,23.9,34,114.3,131.4,,88.1,291.6,293.5,270.3,223.6,149.1,99,,,
111,,,,,,,,,,,,,,,,,,,,,,,,,,,,,,,,,,,,,,,,,,,,,,,,,,,6.3,22.9,22.1,30.3,79.3,130.1,,87.4,290.3,292.1,269.1,222.5,148.4,98.6,,,
112,,,,,,,,,,,,,,,,,,,,,,,,,,,,,,,,,,,,,,,,,,,,,,,,,,,6.2,22.1,20.8,27.5,58.3,128.4,,86.7,289,290.8,267.7,221.4,147.7,98.3,,,
113,,,,,,,,,,,,,,,,,,,,,,,,,,,,,,,,,,,,,,,,,,,,,,,,,,,6.1,21.3,19.7,25.3,46.8,126.7,,86.2,287.6,289.5,266.5,220.3,146.8,97.8,,,
114,,,,,,,,,,,,,,,,,,,,,,,,,,,,,,,,,,,,,,,,,,,,,,,,,,,6,20.7,18.8,23.8,40.3,124.5,,85.8,286.2,288,265.2,219.2,145.9,97.3,,,
115,,,,,,,,,,,,,,,,,,,,,,,,,,,,,,,,,,,,,,,,,,,,,,,,,,,5.9,20.2,18.3,22.4,36,121.6,,85.1,284.9,286.6,263.9,218,145.2,96.9,,,
116,,,,,,,,,,,,,,,,,,,,,,,,,,,,,,,,,,,,,,,,,,,,,,,,,,,,19.7,17.7,21.3,32.8,118.5,,84.3,283.6,285.3,262.6,217,144.6,96.4,,,
117,,,,,,,,,,,,,,,,,,,,,,,,,,,,,,,,,,,,,,,,,,,,,,,,,,,,19.2,17.1,20.2,30.3,113.6,,83.7,281.7,283.3,261.2,216.1,144,96.1,,,
118,,,,,,,,,,,,,,,,,,,,,,,,,,,,,,,,,,,,,,,,,,,,,,,,,,,,18.7,16.5,19.4,28.6,106.1,,83,280.4,281.8,259.5,215,143.5,95.9,,,
119,,,,,,,,,,,,,,,,,,,,,,,,,,,,,,,,,,,,,,,,,,,,,,,,,,,,18.3,16,18.6,27.1,93.9,,82.3,278.9,280.7,258.1,213.8,142.9,95.3,,,
120,,,,,,,,,,,,,,,,,,,,,,,,,,,,,,,,,,,,,,,,,,,,,,,,,,,,17.9,15.5,18,25.7,75.6,,81.6,277.5,279.1,257.2,212.9,142.2,94.6,,,
121,,,,,,,,,,,,,,,,,,,,,,,,,,,,,,,,,,,,,,,,,,,,,,,,,,,,17.6,15,17.4,24.7,57,,80.7,275.9,277.6,256.1,212,141.6,94.1,,,
122,,,,,,,,,,,,,,,,,,,,,,,,,,,,,,,,,,,,,,,,,,,,,,,,,,,,17.3,14.7,16.8,23.8,44.5,,79.7,274,276.3,254.8,210.9,140.8,93.8,,,
123,,,,,,,,,,,,,,,,,,,,,,,,,,,,,,,,,,,,,,,,,,,,,,,,,,,,16.9,14.4,16.2,22.9,37.3,,78.5,273,274.5,253.4,209.7,140,93.6,,,
124,,,,,,,,,,,,,,,,,,,,,,,,,,,,,,,,,,,,,,,,,,,,,,,,,,,,16.6,14.1,15.8,22,33.2,,77.3,271.9,272.7,252,208.5,139.1,93.4,,,
125,,,,,,,,,,,,,,,,,,,,,,,,,,,,,,,,,,,,,,,,,,,,,,,,,,,,16.3,13.7,15.5,21.4,30.5,,75.7,270.6,271.2,250.6,207.4,138.3,92.9,,,
126,,,,,,,,,,,,,,,,,,,,,,,,,,,,,,,,,,,,,,,,,,,,,,,,,,,,16,13.4,15,20.8,28.5,,73.5,269.3,269.8,249.2,206.1,137.6,92.3,,,
127,,,,,,,,,,,,,,,,,,,,,,,,,,,,,,,,,,,,,,,,,,,,,,,,,,,,15.7,13.1,14.5,20.2,27,,70.3,268,268.6,247.8,204.8,137.2,92,,,
128,,,,,,,,,,,,,,,,,,,,,,,,,,,,,,,,,,,,,,,,,,,,,,,,,,,,15.3,12.8,14.2,19.7,25.5,,65.5,266.6,267.5,246.7,203.8,136.8,91.7,,,
129,,,,,,,,,,,,,,,,,,,,,,,,,,,,,,,,,,,,,,,,,,,,,,,,,,,,15,12.5,13.8,19.1,24.5,,58,264.8,266.2,245.4,202.9,136,91.3,,,
130,,,,,,,,,,,,,,,,,,,,,,,,,,,,,,,,,,,,,,,,,,,,,,,,,,,,14.6,12.3,13.5,18.6,23.5,,47.9,263.5,264.9,244,201.7,135.2,90.8,,,
131,,,,,,,,,,,,,,,,,,,,,,,,,,,,,,,,,,,,,,,,,,,,,,,,,,,,14.4,12.1,13.2,18.1,22.9,,38.2,262.1,263.6,242.6,200.4,134.6,90.2,,,
132,,,,,,,,,,,,,,,,,,,,,,,,,,,,,,,,,,,,,,,,,,,,,,,,,,,,14.2,11.8,12.9,17.7,22.4,,31.1,260.6,262.2,241.3,199.4,133.9,89.6,,,
133,,,,,,,,,,,,,,,,,,,,,,,,,,,,,,,,,,,,,,,,,,,,,,,,,,,,14.1,11.5,12.7,17.3,21.7,,26.9,259.3,260.7,240,198.6,133.2,89.2,,,
134,,,,,,,,,,,,,,,,,,,,,,,,,,,,,,,,,,,,,,,,,,,,,,,,,,,,13.9,11.3,12.5,16.9,21.1,,24.4,257.9,259.1,238.8,197.3,132.5,88.8,,,
135,,,,,,,,,,,,,,,,,,,,,,,,,,,,,,,,,,,,,,,,,,,,,,,,,,,,13.7,11.2,12.3,16.5,20.6,,22.9,256.4,257.7,237.5,196,131.8,88.5,,,
136,,,,,,,,,,,,,,,,,,,,,,,,,,,,,,,,,,,,,,,,,,,,,,,,,,,,13.4,11,12,16.2,20.1,,21.5,255,256.1,236.1,195,131,88.2,,,
137,,,,,,,,,,,,,,,,,,,,,,,,,,,,,,,,,,,,,,,,,,,,,,,,,,,,13.1,10.9,11.8,15.7,19.7,,20.5,253.6,254.6,234.8,194.1,130.4,87.8,,,
138,,,,,,,,,,,,,,,,,,,,,,,,,,,,,,,,,,,,,,,,,,,,,,,,,,,,12.8,10.7,11.5,15.3,19.2,,19.6,252.1,253.5,233.2,193.2,129.9,87.4,,,
139,,,,,,,,,,,,,,,,,,,,,,,,,,,,,,,,,,,,,,,,,,,,,,,,,,,,12.6,10.5,11.2,15.1,18.9,,18.9,250.8,252.2,231.7,192.3,129.2,87.1,,,
140,,,,,,,,,,,,,,,,,,,,,,,,,,,,,,,,,,,,,,,,,,,,,,,,,,,,12.4,10.3,11.1,14.9,18.6,,18.3,249.4,250.6,230.5,191.1,128.5,86.8,,,
141,,,,,,,,,,,,,,,,,,,,,,,,,,,,,,,,,,,,,,,,,,,,,,,,,,,,12.3,10.1,11,14.5,18.2,,17.8,247.6,248.7,229.2,189.9,127.9,86.4,,,
142,,,,,,,,,,,,,,,,,,,,,,,,,,,,,,,,,,,,,,,,,,,,,,,,,,,,12.1,10,10.8,14,17.8,,17.4,245.7,247.2,227.6,188.6,127.3,85.8,,,
143,,,,,,,,,,,,,,,,,,,,,,,,,,,,,,,,,,,,,,,,,,,,,,,,,,,,11.9,9.9,10.6,13.7,17.5,,17.1,244.2,245.4,225.9,187.3,126.6,85.4,,,
144,,,,,,,,,,,,,,,,,,,,,,,,,,,,,,,,,,,,,,,,,,,,,,,,,,,,11.7,9.8,10.4,13.6,17.2,,16.7,242.6,243.5,224.8,186.4,125.9,85,,,
145,,,,,,,,,,,,,,,,,,,,,,,,,,,,,,,,,,,,,,,,,,,,,,,,,,,,11.5,9.6,10.1,13.4,16.8,,16.4,240.5,241.6,223.3,185.5,125.3,84.8,,,
146,,,,,,,,,,,,,,,,,,,,,,,,,,,,,,,,,,,,,,,,,,,,,,,,,,,,11.3,9.4,10,13.2,16.4,,16.1,238.1,239.4,221.3,184.4,124.7,84.6,,,
147,,,,,,,,,,,,,,,,,,,,,,,,,,,,,,,,,,,,,,,,,,,,,,,,,,,,11.2,9.3,9.8,13,16.1,,15.8,234.8,236.3,219.7,183.3,123.9,84.1,,,
148,,,,,,,,,,,,,,,,,,,,,,,,,,,,,,,,,,,,,,,,,,,,,,,,,,,,11.1,9.2,9.7,12.7,15.8,,15.6,230.4,232.7,218,182,123.1,83.6,,,
149,,,,,,,,,,,,,,,,,,,,,,,,,,,,,,,,,,,,,,,,,,,,,,,,,,,,11,9.1,9.6,12.5,15.5,,15.3,223.4,228.5,215.8,180.7,122.5,83,,,
150,,,,,,,,,,,,,,,,,,,,,,,,,,,,,,,,,,,,,,,,,,,,,,,,,,,,10.8,9.1,9.5,12.3,15.2,,14.9,212,222,213,179.3,122,82.5,,,
151,,,,,,,,,,,,,,,,,,,,,,,,,,,,,,,,,,,,,,,,,,,,,,,,,,,,10.6,8.9,9.3,12,15,,14.7,185.5,211.7,210,177.9,121.2,82.3,,,
152,,,,,,,,,,,,,,,,,,,,,,,,,,,,,,,,,,,,,,,,,,,,,,,,,,,,,8.8,9.1,11.6,14.8,,14.5,142.7,192.1,206.5,176.6,120.3,82.2,,,
153,,,,,,,,,,,,,,,,,,,,,,,,,,,,,,,,,,,,,,,,,,,,,,,,,,,,,,8.9,11.5,14.5,,14.3,93.9,155.5,202.1,175.4,119.7,81.6,,,
154,,,,,,,,,,,,,,,,,,,,,,,,,,,,,,,,,,,,,,,,,,,,,,,,,,,,,,8.8,11.3,14.1,,14.1,59.2,107.9,195.7,174.2,119,80.9,,,
155,,,,,,,,,,,,,,,,,,,,,,,,,,,,,,,,,,,,,,,,,,,,,,,,,,,,,,8.7,11.2,13.9,,13.9,44.6,69.3,185.9,172.3,118.4,80.5,,,
156,,,,,,,,,,,,,,,,,,,,,,,,,,,,,,,,,,,,,,,,,,,,,,,,,,,,,,,11.2,13.8,,13.7,37,48.4,165.8,170.9,117.8,80.1,,,
157,,,,,,,,,,,,,,,,,,,,,,,,,,,,,,,,,,,,,,,,,,,,,,,,,,,,,,,10.9,13.6,,13.4,33.1,38.5,134.3,169.1,117,79.7,,,
158,,,,,,,,,,,,,,,,,,,,,,,,,,,,,,,,,,,,,,,,,,,,,,,,,,,,,,,10.7,13.4,,13.2,30.1,32.7,95,166.5,116.3,79.4,,,
159,,,,,,,,,,,,,,,,,,,,,,,,,,,,,,,,,,,,,,,,,,,,,,,,,,,,,,,10.5,13.2,,13.1,28.2,28.9,63.5,163.9,115.7,79,,,
160,,,,,,,,,,,,,,,,,,,,,,,,,,,,,,,,,,,,,,,,,,,,,,,,,,,,,,,10.5,12.9,,12.9,26.8,26.2,47.9,161.1,115.2,78.7,,,
161,,,,,,,,,,,,,,,,,,,,,,,,,,,,,,,,,,,,,,,,,,,,,,,,,,,,,,,,12.7,,12.7,25.7,24.5,39.2,156.5,114.5,78.2,,,
162,,,,,,,,,,,,,,,,,,,,,,,,,,,,,,,,,,,,,,,,,,,,,,,,,,,,,,,,12.5,,12.5,24.7,23.1,34.5,150.3,113.8,77.7,,,
163,,,,,,,,,,,,,,,,,,,,,,,,,,,,,,,,,,,,,,,,,,,,,,,,,,,,,,,,12.3,,12.3,24.3,22,31,140,112.9,77.3,,,
164,,,,,,,,,,,,,,,,,,,,,,,,,,,,,,,,,,,,,,,,,,,,,,,,,,,,,,,,12.1,,12.1,23.8,21.1,28.5,121.4,112,76.9,,,
165,,,,,,,,,,,,,,,,,,,,,,,,,,,,,,,,,,,,,,,,,,,,,,,,,,,,,,,,11.9,,12,23.1,20.4,26.5,93.6,111.1,76.6,,,
166,,,,,,,,,,,,,,,,,,,,,,,,,,,,,,,,,,,,,,,,,,,,,,,,,,,,,,,,11.8,,11.8,22.5,19.8,25,66.9,110.3,76.4,,,
167,,,,,,,,,,,,,,,,,,,,,,,,,,,,,,,,,,,,,,,,,,,,,,,,,,,,,,,,11.6,,11.7,22.1,19.2,23.8,50.9,109.6,75.9,,,
168,,,,,,,,,,,,,,,,,,,,,,,,,,,,,,,,,,,,,,,,,,,,,,,,,,,,,,,,11.4,,11.6,21.7,18.7,22.9,42.5,108.8,75.4,,,
169,,,,,,,,,,,,,,,,,,,,,,,,,,,,,,,,,,,,,,,,,,,,,,,,,,,,,,,,11.3,,11.4,21.3,18.2,22,37.5,107.7,74.8,,,
170,,,,,,,,,,,,,,,,,,,,,,,,,,,,,,,,,,,,,,,,,,,,,,,,,,,,,,,,11.2,,11.2,20.9,17.8,21.3,34.4,106.6,74.2,,,
171,,,,,,,,,,,,,,,,,,,,,,,,,,,,,,,,,,,,,,,,,,,,,,,,,,,,,,,,,,11.1,20.6,17.3,20.7,32,105.4,73.8,,,
172,,,,,,,,,,,,,,,,,,,,,,,,,,,,,,,,,,,,,,,,,,,,,,,,,,,,,,,,,,11,20.3,16.8,20.2,30.1,104.2,73.5,,,
173,,,,,,,,,,,,,,,,,,,,,,,,,,,,,,,,,,,,,,,,,,,,,,,,,,,,,,,,,,10.8,20,16.5,19.6,28.5,103.1,73.2,,,
174,,,,,,,,,,,,,,,,,,,,,,,,,,,,,,,,,,,,,,,,,,,,,,,,,,,,,,,,,,10.6,19.6,16.3,19.1,27.5,101.3,72.9,,,
175,,,,,,,,,,,,,,,,,,,,,,,,,,,,,,,,,,,,,,,,,,,,,,,,,,,,,,,,,,10.6,19.3,16,18.6,26.5,99.6,72.4,,,
176,,,,,,,,,,,,,,,,,,,,,,,,,,,,,,,,,,,,,,,,,,,,,,,,,,,,,,,,,,10.5,18.9,15.7,18.2,25.8,96.9,71.9,,,
177,,,,,,,,,,,,,,,,,,,,,,,,,,,,,,,,,,,,,,,,,,,,,,,,,,,,,,,,,,10.4,18.7,15.5,17.9,25,93,71.4,,,
178,,,,,,,,,,,,,,,,,,,,,,,,,,,,,,,,,,,,,,,,,,,,,,,,,,,,,,,,,,10.2,18.5,15.3,17.6,24.3,86.9,70.9,,,
179,,,,,,,,,,,,,,,,,,,,,,,,,,,,,,,,,,,,,,,,,,,,,,,,,,,,,,,,,,10.1,18.2,15.1,17.2,23.6,77,70.6,,,
180,,,,,,,,,,,,,,,,,,,,,,,,,,,,,,,,,,,,,,,,,,,,,,,,,,,,,,,,,,10,18,14.8,16.9,23.1,62.7,70.4,,,
181,,,,,,,,,,,,,,,,,,,,,,,,,,,,,,,,,,,,,,,,,,,,,,,,,,,,,,,,,,,17.8,14.5,16.6,22.6,49.3,69.8,,,
182,,,,,,,,,,,,,,,,,,,,,,,,,,,,,,,,,,,,,,,,,,,,,,,,,,,,,,,,,,,17.6,14.3,16.4,22.1,40,69.2,,,
183,,,,,,,,,,,,,,,,,,,,,,,,,,,,,,,,,,,,,,,,,,,,,,,,,,,,,,,,,,,17.3,14.1,16.1,21.5,34.7,68.5,,,
184,,,,,,,,,,,,,,,,,,,,,,,,,,,,,,,,,,,,,,,,,,,,,,,,,,,,,,,,,,,17,13.9,15.8,21.1,31.8,67.8,,,
185,,,,,,,,,,,,,,,,,,,,,,,,,,,,,,,,,,,,,,,,,,,,,,,,,,,,,,,,,,,16.7,13.8,15.6,20.7,29.7,67.3,,,
186,,,,,,,,,,,,,,,,,,,,,,,,,,,,,,,,,,,,,,,,,,,,,,,,,,,,,,,,,,,16.5,13.7,15.4,20.3,28.1,66.9,,,
187,,,,,,,,,,,,,,,,,,,,,,,,,,,,,,,,,,,,,,,,,,,,,,,,,,,,,,,,,,,16.3,13.5,15.2,20,27,66.1,,,
188,,,,,,,,,,,,,,,,,,,,,,,,,,,,,,,,,,,,,,,,,,,,,,,,,,,,,,,,,,,16.2,13.3,15,19.6,25.9,65.2,,,
189,,,,,,,,,,,,,,,,,,,,,,,,,,,,,,,,,,,,,,,,,,,,,,,,,,,,,,,,,,,16,13,14.8,19.1,25.1,64,,,
190,,,,,,,,,,,,,,,,,,,,,,,,,,,,,,,,,,,,,,,,,,,,,,,,,,,,,,,,,,,15.9,12.8,14.5,18.8,24.4,62.7,,,
191,,,,,,,,,,,,,,,,,,,,,,,,,,,,,,,,,,,,,,,,,,,,,,,,,,,,,,,,,,,15.7,12.6,14.2,18.6,23.7,60.9,,,
192,,,,,,,,,,,,,,,,,,,,,,,,,,,,,,,,,,,,,,,,,,,,,,,,,,,,,,,,,,,15.5,12.6,14.1,18.3,23.1,58.5,,,
193,,,,,,,,,,,,,,,,,,,,,,,,,,,,,,,,,,,,,,,,,,,,,,,,,,,,,,,,,,,15.2,12.4,13.9,17.9,22.7,55.1,,,
194,,,,,,,,,,,,,,,,,,,,,,,,,,,,,,,,,,,,,,,,,,,,,,,,,,,,,,,,,,,15,12.3,13.8,17.6,22.3,49.1,,,
195,,,,,,,,,,,,,,,,,,,,,,,,,,,,,,,,,,,,,,,,,,,,,,,,,,,,,,,,,,,14.9,12.2,13.6,17.4,21.9,41.3,,,
196,,,,,,,,,,,,,,,,,,,,,,,,,,,,,,,,,,,,,,,,,,,,,,,,,,,,,,,,,,,14.8,12.1,13.4,17.2,21.4,34,,,
197,,,,,,,,,,,,,,,,,,,,,,,,,,,,,,,,,,,,,,,,,,,,,,,,,,,,,,,,,,,14.6,12,13.3,17,21,29,,,
198,,,,,,,,,,,,,,,,,,,,,,,,,,,,,,,,,,,,,,,,,,,,,,,,,,,,,,,,,,,14.4,11.8,13.1,16.7,20.6,25.8,,,
199,,,,,,,,,,,,,,,,,,,,,,,,,,,,,,,,,,,,,,,,,,,,,,,,,,,,,,,,,,,14.3,11.7,12.9,16.4,20.3,24.2,,,
200,,,,,,,,,,,,,,,,,,,,,,,,,,,,,,,,,,,,,,,,,,,,,,,,,,,,,,,,,,,14.2,11.6,12.8,16.2,20.1,22.8,,,
201,,,,,,,,,,,,,,,,,,,,,,,,,,,,,,,,,,,,,,,,,,,,,,,,,,,,,,,,,,,14,11.5,12.6,16,19.8,21.8,,,
202,,,,,,,,,,,,,,,,,,,,,,,,,,,,,,,,,,,,,,,,,,,,,,,,,,,,,,,,,,,13.8,11.3,12.6,15.8,19.5,21,,,
203,,,,,,,,,,,,,,,,,,,,,,,,,,,,,,,,,,,,,,,,,,,,,,,,,,,,,,,,,,,,11.3,12.5,15.7,19.2,20.3,,,
204,,,,,,,,,,,,,,,,,,,,,,,,,,,,,,,,,,,,,,,,,,,,,,,,,,,,,,,,,,,,,12.4,15.4,19,19.7,,,
205,,,,,,,,,,,,,,,,,,,,,,,,,,,,,,,,,,,,,,,,,,,,,,,,,,,,,,,,,,,,,12.2,15.2,18.7,19.3,,,
206,,,,,,,,,,,,,,,,,,,,,,,,,,,,,,,,,,,,,,,,,,,,,,,,,,,,,,,,,,,,,12,14.9,18.4,19,,,
207,,,,,,,,,,,,,,,,,,,,,,,,,,,,,,,,,,,,,,,,,,,,,,,,,,,,,,,,,,,,,11.8,14.7,18.2,18.6,,,
208,,,,,,,,,,,,,,,,,,,,,,,,,,,,,,,,,,,,,,,,,,,,,,,,,,,,,,,,,,,,,,14.6,17.9,18.3,,,
209,,,,,,,,,,,,,,,,,,,,,,,,,,,,,,,,,,,,,,,,,,,,,,,,,,,,,,,,,,,,,,14.5,17.7,18,,,
210,,,,,,,,,,,,,,,,,,,,,,,,,,,,,,,,,,,,,,,,,,,,,,,,,,,,,,,,,,,,,,14.3,17.5,17.8,,,
211,,,,,,,,,,,,,,,,,,,,,,,,,,,,,,,,,,,,,,,,,,,,,,,,,,,,,,,,,,,,,,14.1,17.4,17.6,,,
212,,,,,,,,,,,,,,,,,,,,,,,,,,,,,,,,,,,,,,,,,,,,,,,,,,,,,,,,,,,,,,14,17.2,17.3,,,
213,,,,,,,,,,,,,,,,,,,,,,,,,,,,,,,,,,,,,,,,,,,,,,,,,,,,,,,,,,,,,,13.9,17,17.1,,,
214,,,,,,,,,,,,,,,,,,,,,,,,,,,,,,,,,,,,,,,,,,,,,,,,,,,,,,,,,,,,,,13.7,16.7,16.9,,,
215,,,,,,,,,,,,,,,,,,,,,,,,,,,,,,,,,,,,,,,,,,,,,,,,,,,,,,,,,,,,,,13.5,16.5,16.6,,,
216,,,,,,,,,,,,,,,,,,,,,,,,,,,,,,,,,,,,,,,,,,,,,,,,,,,,,,,,,,,,,,,16.3,16.4,,,
217,,,,,,,,,,,,,,,,,,,,,,,,,,,,,,,,,,,,,,,,,,,,,,,,,,,,,,,,,,,,,,,16.1,16.2,,,
218,,,,,,,,,,,,,,,,,,,,,,,,,,,,,,,,,,,,,,,,,,,,,,,,,,,,,,,,,,,,,,,15.8,16,,,
219,,,,,,,,,,,,,,,,,,,,,,,,,,,,,,,,,,,,,,,,,,,,,,,,,,,,,,,,,,,,,,,15.6,15.8,,,
220,,,,,,,,,,,,,,,,,,,,,,,,,,,,,,,,,,,,,,,,,,,,,,,,,,,,,,,,,,,,,,,15.4,15.6,,,
221,,,,,,,,,,,,,,,,,,,,,,,,,,,,,,,,,,,,,,,,,,,,,,,,,,,,,,,,,,,,,,,15.3,15.4,,,
222,,,,,,,,,,,,,,,,,,,,,,,,,,,,,,,,,,,,,,,,,,,,,,,,,,,,,,,,,,,,,,,15.3,15.2,,,
223,,,,,,,,,,,,,,,,,,,,,,,,,,,,,,,,,,,,,,,,,,,,,,,,,,,,,,,,,,,,,,,15.1,15.1,,,
224,,,,,,,,,,,,,,,,,,,,,,,,,,,,,,,,,,,,,,,,,,,,,,,,,,,,,,,,,,,,,,,14.8,15,,,
225,,,,,,,,,,,,,,,,,,,,,,,,,,,,,,,,,,,,,,,,,,,,,,,,,,,,,,,,,,,,,,,14.7,14.8,,,
226,,,,,,,,,,,,,,,,,,,,,,,,,,,,,,,,,,,,,,,,,,,,,,,,,,,,,,,,,,,,,,,14.6,14.5,,,
227,,,,,,,,,,,,,,,,,,,,,,,,,,,,,,,,,,,,,,,,,,,,,,,,,,,,,,,,,,,,,,,14.5,14.4,,,
228,,,,,,,,,,,,,,,,,,,,,,,,,,,,,,,,,,,,,,,,,,,,,,,,,,,,,,,,,,,,,,,14.4,14.3,,,
229,,,,,,,,,,,,,,,,,,,,,,,,,,,,,,,,,,,,,,,,,,,,,,,,,,,,,,,,,,,,,,,14.2,14.2,,,
230,,,,,,,,,,,,,,,,,,,,,,,,,,,,,,,,,,,,,,,,,,,,,,,,,,,,,,,,,,,,,,,14.1,14.1,,,
231,,,,,,,,,,,,,,,,,,,,,,,,,,,,,,,,,,,,,,,,,,,,,,,,,,,,,,,,,,,,,,,,13.9,,,
232,,,,,,,,,,,,,,,,,,,,,,,,,,,,,,,,,,,,,,,,,,,,,,,,,,,,,,,,,,,,,,,,13.7,,,
233,,,,,,,,,,,,,,,,,,,,,,,,,,,,,,,,,,,,,,,,,,,,,,,,,,,,,,,,,,,,,,,,13.6,,,
234,,,,,,,,,,,,,,,,,,,,,,,,,,,,,,,,,,,,,,,,,,,,,,,,,,,,,,,,,,,,,,,,13.5,,,
235,,,,,,,,,,,,,,,,,,,,,,,,,,,,,,,,,,,,,,,,,,,,,,,,,,,,,,,,,,,,,,,,13.3,,,
