0,1,2,3,4,5,6,7,8,9,10,11,12,13,14,15,16,17,18,19,20,21,22,23,24,25,26,27,28,29,30,31,32,33,34,35,36,37,38,39,40,41,42,43,44,45,46,47,48,49,50,51,52,53,54
Scan Type:,Crossline,Crossline,Crossline,Crossline,Crossline,Crossline,Crossline,Crossline,Crossline,Crossline,Crossline,Crossline,Crossline,Crossline,Crossline,Crossline,Crossline,Crossline,Crossline,Crossline,Crossline,Crossline,Crossline,Crossline,Crossline,Crossline,Crossline,Crossline,Crossline,Crossline,Crossline,Crossline,Crossline,Crossline,Crossline,Crossline,Crossline,Crossline,Crossline,Crossline,Crossline,Crossline,Crossline,Crossline,Crossline,Crossline,Crossline,Crossline,Crossline,Crossline,Crossline,Crossline,Inline,Inline
Radiation Type:,Photons,Photons,Photons,Photons,Photons,Photons,Photons,Photons,Photons,Photons,Photons,Photons,Photons,Photons,Photons,Photons,Photons,Photons,Photons,Photons,Photons,Photons,Photons,Photons,Photons,Photons,Photons,Photons,Photons,Photons,Photons,Photons,Photons,Photons,Photons,Photons,Photons,Photons,Photons,Photons,Photons,Photons,Photons,Photons,Photons,Photons,Photons,Photons,Photons,Photons,Photons,Photons,Photons,Photons
Energy:,6 MV,6 MV,6 MV,6 MV,6 MV,6 MV,6 MV,6 MV,6 MV,6 MV,6 MV,6 MV,6 MV,6 MV,6 MV,6 MV,6 MV,6 MV,6 MV,6 MV,6 MV,6 MV,6 MV,6 MV,6 MV,6 MV,6 MV,6 MV,6 MV,6 MV,6 MV,6 MV,6 MV,6 MV,6 MV,6 MV,6 MV,6 MV,6 MV,6 MV,6 MV,6 MV,6 MV,6 MV,6 MV,6 MV,6 MV,6 MV,6 MV,6 MV,6 MV,6 MV,6 MV,6 MV
Fieldsize:,10 x 10 mm,10 x 10 mm,10 x 10 mm,10 x 10 mm,10 x 10 mm,20 x 20 mm,20 x 20 mm,20 x 20 mm,20 x 20 mm,20 x 20 mm,30 x 30 mm,30 x 30 mm,30 x 30 mm,30 x 30 mm,30 x 30 mm,40 x 40 mm,40 x 40 mm,40 x 40 mm,40 x 40 mm,40 x 40 mm,50 x 50 mm,50 x 50 mm,50 x 50 mm,50 x 50 mm,50 x 50 mm,60 x 60 mm,60 x 60 mm,60 x 60 mm,60 x 60 mm,60 x 60 mm,60 x 60 mm,60 x 60 mm,70 x 70 mm,70 x 70 mm,70 x 70 mm,70 x 70 mm,70 x 70 mm,100 x 100 mm,100 x 100 mm,100 x 100 mm,100 x 100 mm,100 x 100 mm,200 x 200 mm,200 x 200 mm,200 x 200 mm,200 x 200 mm,200 x 200 mm,300 x 300 mm,300 x 300 mm,300 x 300 mm,300 x 300 mm,300 x 300 mm,60 x 60 mm,60 x 60 mm
Depth:,15.0 mm,50.0 mm,100.0 mm,200.0 mm,300.0 mm,15.0 mm,50.0 mm,100.0 mm,200.0 mm,300.0 mm,15.0 mm,50.0 mm,100.0 mm,200.0 mm,300.0 mm,15.0 mm,50.0 mm,100.0 mm,200.0 mm,300.0 mm,15.0 mm,50.0 mm,100.0 mm,200.0 mm,300.0 mm,15.0 mm,15.0 mm,50.0 mm,100.0 mm,200.0 mm,300.0 mm,300.0 mm,15.0 mm,50.0 mm,100.0 mm,200.0 mm,300.0 mm,15.0 mm,50.0 mm,100.0 mm,200.0 mm,300.0 mm,15.0 mm,50.0 mm,100.0 mm,200.0 mm,300.0 mm,15.0 mm,50.0 mm,100.0 mm,200.0 mm,300.0 mm,15.0 mm,300.0 mm
,Color [DeepPink],Color [Blue],Color [ForestGreen],Color [Gold],Color [Brown],Color [DarkTurquoise],Color [DarkRed],Color [DarkOrange],Color [DarkOliveGreen],Color [CornflowerBlue],Color [DarkGreen],Color [DarkOrchid],Color [DarkBlue],Color [DarkGoldenrod],Color [DarkMagenta],Color [Orange],Color [Teal],Color [SlateBlue],Color [MediumVioletRed],Color [DarkCyan],Color [DeepPink],Color [Blue],Color [ForestGreen],Color [Gold],Color [Brown],Color [SlateBlue],Color [DarkTurquoise],Color [DarkRed],Color [DarkOrange],Color [DarkOliveGreen],Color [Orange],Color [CornflowerBlue],Color [DarkGreen],Color [DarkOrchid],Color [DarkBlue],Color [DarkGoldenrod],Color [DarkMagenta],Color [Orange],Color [Teal],Color [SlateBlue],Color [MediumVioletRed],Color [DarkCyan],Color [DeepPink],Color [Blue],Color [ForestGreen],Color [Gold],Color [Brown],Color [DarkTurquoise],Color [DarkRed],Color [DarkOrange],Color [DarkOliveGreen],Color [CornflowerBlue],Color [MediumVioletRed],Color [Teal]
Coordinate [mm]:,,,,,,,,,,,,,,,,,,,,,,,,,,,,,,,,,,,,,,,,,,,,,,,,,,,,,,
-239,,,,,,,,,,,,,,,,,,,,,,,,,,,,,,,,,,,,,,,,,,,,,,,,,,,,4.7,,
-238,,,,,,,,,,,,,,,,,,,,,,,,,,,,,,,,,,,,,,,,,,,,,,,,,,,,4.8,,
-237,,,,,,,,,,,,,,,,,,,,,,,,,,,,,,,,,,,,,,,,,,,,,,,,,,,,5,,
-236,,,,,,,,,,,,,,,,,,,,,,,,,,,,,,,,,,,,,,,,,,,,,,,,,,,,5.1,,
-235,,,,,,,,,,,,,,,,,,,,,,,,,,,,,,,,,,,,,,,,,,,,,,,,,,,,5.1,,
-234,,,,,,,,,,,,,,,,,,,,,,,,,,,,,,,,,,,,,,,,,,,,,,,,,,,,5.2,,
-233,,,,,,,,,,,,,,,,,,,,,,,,,,,,,,,,,,,,,,,,,,,,,,,,,,,,5.3,,
-232,,,,,,,,,,,,,,,,,,,,,,,,,,,,,,,,,,,,,,,,,,,,,,,,,,,,5.5,,
-231,,,,,,,,,,,,,,,,,,,,,,,,,,,,,,,,,,,,,,,,,,,,,,,,,,,,5.5,,
-230,,,,,,,,,,,,,,,,,,,,,,,,,,,,,,,,,,,,,,,,,,,,,,,,,,,,5.6,,
-229,,,,,,,,,,,,,,,,,,,,,,,,,,,,,,,,,,,,,,,,,,,,,,,,,,,5.9,5.7,,
-228,,,,,,,,,,,,,,,,,,,,,,,,,,,,,,,,,,,,,,,,,,,,,,,,,,,6.1,5.7,,
-227,,,,,,,,,,,,,,,,,,,,,,,,,,,,,,,,,,,,,,,,,,,,,,,,,,,6.2,5.8,,
-226,,,,,,,,,,,,,,,,,,,,,,,,,,,,,,,,,,,,,,,,,,,,,,,,,,,6.3,5.9,,
-225,,,,,,,,,,,,,,,,,,,,,,,,,,,,,,,,,,,,,,,,,,,,,,,,,,,6.4,6,,
-224,,,,,,,,,,,,,,,,,,,,,,,,,,,,,,,,,,,,,,,,,,,,,,,,,,,6.5,6,,
-223,,,,,,,,,,,,,,,,,,,,,,,,,,,,,,,,,,,,,,,,,,,,,,,,,,,6.6,6.1,,
-222,,,,,,,,,,,,,,,,,,,,,,,,,,,,,,,,,,,,,,,,,,,,,,,,,,,6.7,6.3,,
-221,,,,,,,,,,,,,,,,,,,,,,,,,,,,,,,,,,,,,,,,,,,,,,,,,,,6.8,6.5,,
-220,,,,,,,,,,,,,,,,,,,,,,,,,,,,,,,,,,,,,,,,,,,,,,,,,,,6.9,6.6,,
-219,,,,,,,,,,,,,,,,,,,,,,,,,,,,,,,,,,,,,,,,,,,,,,,,,,,7,6.8,,
-218,,,,,,,,,,,,,,,,,,,,,,,,,,,,,,,,,,,,,,,,,,,,,,,,,,,7,6.9,,
-217,,,,,,,,,,,,,,,,,,,,,,,,,,,,,,,,,,,,,,,,,,,,,,,,,,,7.2,7,,
-216,,,,,,,,,,,,,,,,,,,,,,,,,,,,,,,,,,,,,,,,,,,,,,,,,,,7.3,7.1,,
-215,,,,,,,,,,,,,,,,,,,,,,,,,,,,,,,,,,,,,,,,,,,,,,,,,,,7.5,7.1,,
-214,,,,,,,,,,,,,,,,,,,,,,,,,,,,,,,,,,,,,,,,,,,,,,,,,,6.5,7.6,7.2,,
-213,,,,,,,,,,,,,,,,,,,,,,,,,,,,,,,,,,,,,,,,,,,,,,,,,,6.6,7.8,7.4,,
-212,,,,,,,,,,,,,,,,,,,,,,,,,,,,,,,,,,,,,,,,,,,,,,,,,,6.7,8,7.5,,
-211,,,,,,,,,,,,,,,,,,,,,,,,,,,,,,,,,,,,,,,,,,,,,,,,,,6.8,8.1,7.7,,
-210,,,,,,,,,,,,,,,,,,,,,,,,,,,,,,,,,,,,,,,,,,,,,,,,,,7,8.2,7.7,,
-209,,,,,,,,,,,,,,,,,,,,,,,,,,,,,,,,,,,,,,,,,,,,,,,,,,7.2,8.4,7.9,,
-208,,,,,,,,,,,,,,,,,,,,,,,,,,,,,,,,,,,,,,,,,,,,,,,,,,7.3,8.6,8,,
-207,,,,,,,,,,,,,,,,,,,,,,,,,,,,,,,,,,,,,,,,,,,,,,,,,5.8,7.4,8.8,8.1,,
-206,,,,,,,,,,,,,,,,,,,,,,,,,,,,,,,,,,,,,,,,,,,,,,,,,5.9,7.5,9,8.2,,
-205,,,,,,,,,,,,,,,,,,,,,,,,,,,,,,,,,,,,,,,,,,,,,,,,,6.1,7.7,9.1,8.3,,
-204,,,,,,,,,,,,,,,,,,,,,,,,,,,,,,,,,,,,,,,,,,,,,,,,,6.2,7.8,9.2,8.5,,
-203,,,,,,,,,,,,,,,,,,,,,,,,,,,,,,,,,,,,,,,,,,,,,,,,,6.4,8,9.4,8.6,,
-202,,,,,,,,,,,,,,,,,,,,,,,,,,,,,,,,,,,,,,,,,,,,,,,,4.9,6.4,8.1,9.7,8.8,,
-201,,,,,,,,,,,,,,,,,,,,,,,,,,,,,,,,,,,,,,,,,,,,,,,,5.1,6.6,8.3,9.9,9.1,,
-200,,,,,,,,,,,,,,,,,,,,,,,,,,,,,,,,,,,,,,,,,,,,,,,,5.2,6.7,8.4,10.1,9.4,,
-199,,,,,,,,,,,,,,,,,,,,,,,,,,,,,,,,,,,,,,,,,,,,,,,,5.3,6.9,8.6,10.3,10,,
-198,,,,,,,,,,,,,,,,,,,,,,,,,,,,,,,,,,,,,,,,,,,,,,,,5.4,7.1,8.8,10.5,10.6,,
-197,,,,,,,,,,,,,,,,,,,,,,,,,,,,,,,,,,,,,,,,,,,,,,,,5.6,7.3,8.9,10.6,11.6,,
-196,,,,,,,,,,,,,,,,,,,,,,,,,,,,,,,,,,,,,,,,,,,,,,,,5.8,7.4,9.1,10.7,13.5,,
-195,,,,,,,,,,,,,,,,,,,,,,,,,,,,,,,,,,,,,,,,,,,,,,,,5.9,7.5,9.3,10.9,16.2,,
-194,,,,,,,,,,,,,,,,,,,,,,,,,,,,,,,,,,,,,,,,,,,,,,,,6,7.6,9.5,11.1,19.6,,
-193,,,,,,,,,,,,,,,,,,,,,,,,,,,,,,,,,,,,,,,,,,,,,,,,6.1,7.7,9.7,11.3,23,,
-192,,,,,,,,,,,,,,,,,,,,,,,,,,,,,,,,,,,,,,,,,,,,,,,,6.2,7.8,9.9,11.4,25.1,,
-191,,,,,,,,,,,,,,,,,,,,,,,,,,,,,,,,,,,,,,,,,,,,,,,,6.3,8,10.2,11.6,26.1,,
-190,,,,,,,,,,,,,,,,,,,,,,,,,,,,,,,,,,,,,,,,,,,,,,,,6.5,8.2,10.4,11.8,26.9,,
-189,,,,,,,,,,,,,,,,,,,,,,,,,,,,,,,,,,,,,,,,,,,,,,,,6.7,8.4,10.6,12.2,27.3,,
-188,,,,,,,,,,,,,,,,,,,,,,,,,,,,,,,,,,,,,,,,,,,,,,,,6.9,8.6,10.9,12.6,27.7,,
-187,,,,,,,,,,,,,,,,,,,,,,,,,,,,,,,,,,,,,,,,,,,,,,,,7,8.8,11.2,12.9,27.9,,
-186,,,,,,,,,,,,,,,,,,,,,,,,,,,,,,,,,,,,,,,,,,,,,,,,7,9,11.5,13.2,28,,
-185,,,,,,,,,,,,,,,,,,,,,,,,,,,,,,,,,,,,,,,,,,,,,,,,7.2,9.3,11.8,13.8,28.3,,
-184,,,,,,,,,,,,,,,,,,,,,,,,,,,,,,,,,,,,,,,,,,,,,,,,7.4,9.5,12,14.5,28.7,,
-183,,,,,,,,,,,,,,,,,,,,,,,,,,,,,,,,,,,,,,,,,,,,,,,,7.5,9.8,12.2,15.7,28.8,,
-182,,,,,,,,,,,,,,,,,,,,,,,,,,,,,,,,,,,,,,,,,,,,,,,,7.7,10,12.6,17.7,29,,
-181,,,,,,,,,,,,,,,,,,,,,,,,,,,,,,,,,,,,,,,,,,,,,,,,7.9,10.2,12.9,20.9,29.1,,
-180,,,,,,,,,,,,,,,,,,,,,,,,,,,,,,,,,,,,,,,,,,,,,,,,8.1,10.3,13.2,26.7,29.1,,
-179,,,,,,,,,,,,,,,,,,,,,,,,,,,,,,,,,,,,,,,,,,,,,,,3.5,8.2,10.5,13.5,33.8,29.3,,
-178,,,,,,,,,,,,,,,,,,,,,,,,,,,,,,,,,,,,,,,,,,,,,,,3.6,8.4,10.9,13.8,40.2,29.5,,
-177,,,,,,,,,,,,,,,,,,,,,,,,,,,,,,,,,,,,,,,,,,,,,,,3.7,8.7,11.3,14.3,44.3,29.7,,
-176,,,,,,,,,,,,,,,,,,,,,,,,,,,,,,,,,,,,,,,,,,,,,,,3.8,8.9,11.6,14.6,46,30,,
-175,,,,,,,,,,,,,,,,,,,,,,,,,,,,,,,,,,,,,,,,,,,,,,,3.8,9.1,11.8,14.8,47.1,30,,
-174,,,,,,,,,,,,,,,,,,,,,,,,,,,,,,,,,,,,,,,,,,,,,,,3.9,9.3,12.1,15.3,48.1,30,,
-173,,,,,,,,,,,,,,,,,,,,,,,,,,,,,,,,,,,,,,,,,,,,,,,3.9,9.5,12.4,15.7,48.6,30.1,,
-172,,,,,,,,,,,,,,,,,,,,,,,,,,,,,,,,,,,,,,,,,,,,,,,4,9.8,12.8,16.4,49.1,30.3,,
-171,,,,,,,,,,,,,,,,,,,,,,,,,,,,,,,,,,,,,,,,,,,,,,,4.1,10.1,13.1,17.1,49.3,30.3,,
-170,,,,,,,,,,,,,,,,,,,,,,,,,,,,,,,,,,,,,,,,,,,,,,,4.1,10.4,13.4,18.1,49.6,30.2,,
-169,,,,,,,,,,,,,,,,,,,,,,,,,,,,,,,,,,,,,,,,,,,,,,4.6,4.3,10.6,13.7,19,49.9,30.3,,
-168,,,,,,,,,,,,,,,,,,,,,,,,,,,,,,,,,,,,,,,,,,,,,,4.6,4.4,10.8,14.2,21.1,50.2,30.4,,
-167,,,,,,,,,,,,,,,,,,,,,,,,,,,,,,,,,,,,,,,,,,,,,,4.7,4.4,11.1,14.7,25.2,50.5,30.6,,
-166,,,,,,,,,,,,,,,,,,,,,,,,,,,,,,,,,,,,,,,,,,,,,,4.9,4.4,11.4,15.1,32.6,50.8,30.8,,
-165,,,,,,,,,,,,,,,,,,,,,,,,,,,,,,,,,,,,,,,,,,,,,,5,4.5,11.6,15.6,45.9,51,30.9,,
-164,,,,,,,,,,,,,,,,,,,,,,,,,,,,,,,,,,,,,,,,,,,,,,5.1,4.7,11.8,16.5,61.2,51.2,31.1,,
-163,,,,,,,,,,,,,,,,,,,,,,,,,,,,,,,,,,,,,,,,,,,,,,5.1,4.7,12.2,17.5,72.8,51.4,31.1,,
-162,,,,,,,,,,,,,,,,,,,,,,,,,,,,,,,,,,,,,,,,,,,,,,5.2,4.8,12.5,18.8,78.6,51.6,31.1,,
-161,,,,,,,,,,,,,,,,,,,,,,,,,,,,,,,,,,,,,,,,,,,,,,5.3,4.9,12.9,20.5,81.6,51.8,31.3,,
-160,,,,,,,,,,,,,,,,,,,,,,,,,,,,,,,,,,,,,,,,,,,,,,5.3,5,13.3,24.6,83,52,31.4,,
-159,,,,,,,,,,,,,,,,,,,,,,,,,,,,,,,,,,,,,,,,,,,,,4.6,5.5,5,14.1,32.2,84.3,52.2,31.5,,
-158,,,,,,,,,,,,,,,,,,,,,,,,,,,,,,,,,,,,,,,,,,,,,4.8,5.6,5.1,14.9,48.7,85,52.5,31.6,,
-157,,,,,,,,,,,,,,,,,,,,,,,,,,,,,,,,,,,,,,,,,,,,,4.9,5.8,5.2,16.4,70.5,85.7,52.5,31.6,,
-156,,,,,,,,,,,,,,,,,,,,,,,,,,,,,,,,,,,,,,,,,,,,,5,5.9,5.4,17.9,90.2,86.3,52.5,31.6,,
-155,,,,,,,,,,,,,,,,,,,,,,,,,,,,,,,,,,,,,,,,,,,,,5.1,6,5.4,21.9,102.2,86.9,52.7,31.8,,
-154,,,,,,,,,,,,,,,,,,,,,,,,,,,,,,,,,,,,,,,,,,,,4.1,5.2,6,5.5,29.7,107.2,87.2,53,31.9,,
-153,,,,,,,,,,,,,,,,,,,,,,,,,,,,,,,,,,,,,,,,,,,,4.2,5.4,6.1,5.5,49.6,109.6,87.5,53.1,32,,
-152,,,,,,,,,,,,,,,,,,,,,,,,,,,,,,,,,,,,,,,,,,,,4.3,5.5,6.2,5.5,78.1,111,87.9,53.2,32,,
-151,,,,,,,,,,,,,,,,,,,,,,,,,,,,,,,,,,,,,,,,,,,3.6,4.4,5.6,6.4,5.6,105.5,112.1,88.3,53.4,32.2,,
-150,,,,,,,,,,,,,,,,,,,,,,,,,,,,,,,,,,,,,,,,,,,3.6,4.5,5.8,6.6,5.8,122.4,112.9,88.6,53.7,32.3,,
-149,,,,,,,,,,,,,,,,,,,,,,,,,,,,,,,,,,,,,,,,,,,3.7,4.5,6,6.8,5.9,128.5,113.7,88.8,53.9,32.4,,
-148,,,,,,,,,,,,,,,,,,,,,,,,,,,,,,,,,,,,,,,,,,,3.7,4.6,6.1,6.9,6.1,131.5,114.4,89.2,54.1,32.5,,
-147,,,,,,,,,,,,,,,,,,,,,,,,,,,,,,,,,,,,,,,,,,,3.8,4.7,6.2,7,6.1,132.8,115,89.5,54.1,32.6,,
-146,,,,,,,,,,,,,,,,,,,,,,,,,,,,,,,,,,,,,,,,,,,3.9,4.9,6.2,7.2,6.2,133.9,115.3,89.7,54.1,32.7,,
-145,,,,,,,,,,,,,,,,,,,,,,,,,,,,,,,,,,,,,,,,,,,4.1,5,6.4,7.3,6.2,134.7,115.5,89.9,54.2,32.6,,
-144,,,,,,,,,,,,,,,,,,,,,,,,,,,,,,,,,,,,,,,,,,,4.2,5.2,6.7,7.5,6.3,135.4,115.7,90,54.3,32.5,,
-143,,,,,,,,,,,,,,,,,,,,,,,,,,,,,,,,,,,,,,,,,,,4.3,5.3,6.8,7.6,6.5,135.5,115.9,90.1,54.3,32.6,,
-142,,,,,,,,,,,,,,,,,,,,,,,,,,,,,,,,,,,,,,,,,,,4.3,5.4,6.9,7.8,6.7,135.6,116.2,90.3,54.3,32.8,,
-141,,,,,,,,,,,,,,,,,,,,,,,,,,,,,,,,,,,,,,,,,,,4.4,5.5,7.1,7.9,6.9,135.9,116.5,90.6,54.5,32.8,,
-140,,,,,,,,,,,,,,,,,,,,,,,,,,,,,,,,,,,,,,,,,,,4.5,5.7,7.3,8,7,136.3,116.7,90.8,54.8,32.8,,
-139,,,,,,,,,,,,,,,,,,,,,,,,,,,,,,,,,,,,,,,,,,,4.7,5.8,7.4,8.2,7.2,136.5,116.8,91,54.9,32.9,,
-138,,,,,,,,,,,,,,,,,,,,,,,,,,,,,,,,,,,,,,,,,,,4.8,6,7.6,8.5,7.4,136.6,116.9,91.2,54.9,33,,
-137,,,,,,,,,,,,,,,,,,,,,,,,,,,,,,,,,,,,,,,,,,,4.9,6.1,7.8,8.7,7.6,136.5,116.9,91.3,55,33.1,,
-136,,,,,,,,,,,,,,,,,,,,,,,,,,,,,,,,,,,,,,,,,,,5,6.3,8,8.8,7.7,136.5,117.1,91.4,55.2,33.2,,
-135,,,,,,,,,,,,,,,,,,,,,,,,,,,,,,,,,,,,,,,,,,,5.1,6.5,8.2,8.9,8.1,136.6,117.2,91.6,55.3,33.3,,
-134,,,,,,,,,,,,,,,,,,,,,,,,,,,,,,,,,,,,,,,,,,,5.2,6.6,8.4,9.1,8.5,136.8,117.5,91.7,55.5,33.4,,
-133,,,,,,,,,,,,,,,,,,,,,,,,,,,,,,,,,,,,,,,,,,,5.3,6.8,8.6,9.4,9.4,136.7,117.7,91.8,55.5,33.4,,
-132,,,,,,,,,,,,,,,,,,,,,,,,,,,,,,,,,,,,,,,,,,,5.6,6.9,8.8,9.7,10.5,136.7,117.8,92,55.6,33.3,,
-131,,,,,,,,,,,,,,,,,,,,,,,,,,,,,,,,,,,,,,,,,,,5.7,7.1,9,9.9,12.1,136.9,117.8,92.3,55.6,33.3,,
-130,,,,,,,,,,,,,,,,,,,,,,,,,,,,,,,,,,,,,,,,,,,5.8,7.3,9.2,10.1,15.1,137.2,117.8,92.4,55.6,33.5,,
-129,,,,,,,,,,,,,,,,,,,,,,,,,,,,,,,,,,,,,,,,,,,5.9,7.5,9.5,10.4,18.7,137.3,117.9,92.4,55.8,33.7,,
-128,,,,,,,,,,,,,,,,,,,,,,,,,,,,,,,,,,,,,,,,,,,6.1,7.8,9.7,10.7,21.8,137.4,118.2,92.5,56.2,33.9,,
-127,,,,,,,,,,,,,,,,,,,,,,,,,,,,,,,,,,,,,,,,,,,6.3,8.1,10,11.1,24.1,137.3,118.4,92.5,56.2,33.9,,
-126,,,,,,,,,,,,,,,,,,,,,,,,,,,,,,,,,,,,,,,,,,,6.5,8.3,10.2,11.4,25.4,137.1,118.4,92.8,56.3,33.9,,
-125,,,,,,,,,,,,,,,,,,,,,,,,,,,,,,,,,,,,,,,,,,,6.6,8.5,10.5,11.9,26,137,118.5,93.1,56.3,33.9,,
-124,,,,,,,,,,,,,,,,,,,,,,,,,,,,,,,,,,,,,,,,,,,6.8,8.7,10.8,12.6,26.4,136.9,118.5,93.1,56.3,34,,
-123,,,,,,,,,,,,,,,,,,,,,,,,,,,,,,,,,,,,,,,,,,,7,8.9,11.1,13.9,26.8,136.9,118.6,93,56.4,34.1,,
-122,,,,,,,,,,,,,,,,,,,,,,,,,,,,,,,,,,,,,,,,,,,7.2,9.2,11.5,16.1,27.2,136.9,118.7,93.1,56.4,34.2,,
-121,,,,,,,,,,,,,,,,,,,,,,,,,,,,,,,,,,,,,,,,,,,7.4,9.6,11.9,19.9,27.3,137,118.8,93.2,56.6,34.2,,
-120,,,,,,,,,,,,,,,,,,,,,,,,,,,,,,,,,,,,,,,,,,,7.6,9.8,12.2,25.8,27.4,137.1,118.9,93.4,56.7,34.2,,
-119,,,,,,,,,,,,,,,,,,,,,,,,,,,,,,,,,,,,,,,,,,,7.9,10,12.6,33.1,27.5,137.1,118.9,93.5,56.8,34.3,,
-118,,,,,,,,,,,,,,,,,,,,,,,,,,,,,,,,,,,,,,,,,,,8,10.4,13.1,39.1,27.7,137.1,119.1,93.5,57,34.4,,
-117,,,,,,,,,,,,,,,,,,,,,,,,,,,,,,,,,,,,,,,,,,,8.2,10.8,13.7,42.5,27.9,137.1,119.2,93.5,57,34.4,,
-116,,,,,,,,,,,,,,,,,,,,,,,,,,,,,,,,,,,,,,,,,,,8.6,11.1,14.3,44.4,28.2,137.1,119.2,93.5,57,34.5,,
-115,,,,,,,,,,,,,,,,,,,,,,,,,,,,,,,,,,,,,,,,,,,8.9,11.4,15.4,45.4,28.4,137.3,119.1,93.5,57.1,34.5,,
-114,,,,,,,,,,,,,,,,,,,,,,,,,,,,,,,,,,,,,,,,,,1.9,9.1,11.9,16.6,46.2,28.5,137.5,119,93.7,57.2,34.4,,
-113,,,,,,,,,,,,,,,,,,,,,,,,,,,,,,,,,,,,,,,,,,2,9.4,12.4,18.4,46.7,28.5,137.4,118.9,93.9,57.2,34.4,,
-112,,,,,,,,,,,,,,,,,,,,,,,,,,,,,,,,,,,,,,,,,,2,9.7,13.1,22.2,47.1,28.6,137.4,118.8,93.9,57.1,34.5,,
-111,,,,,,,,,,,,,,,,,,,,,,,,,,,,,,,,,,,,,,,,,,1.9,10.1,13.9,29.3,47.3,28.7,137.5,118.8,93.9,57.3,34.7,,
-110,,,,,,,,,,,,,,,,,,,,,,,,,,,,,,,,,,,,,,,,,,2,10.4,15.2,42.3,47.5,28.9,137.7,119.1,94,57.6,34.8,,
-109,,,,,,,,,,,,,,,,,,,,,,,,,,,,,,,,,,,,,,,,,2.4,2.1,10.9,16.5,57.7,47.8,29,137.5,119.3,94.1,57.6,34.9,,
-108,,,,,,,,,,,,,,,,,,,,,,,,,,,,,,,,,,,,,,,,,2.5,2.1,11.6,19,69.7,48.1,29.2,137.3,119.3,94.2,57.6,35,,
-107,,,,,,,,,,,,,,,,,,,,,,,,,,,,,,,,,,,,,,,,,2.5,2.1,12.5,24.4,75.6,48.4,29.2,137.3,119.3,94.3,57.7,34.9,,
-106,,,,,,,,,,,,,,,,,,,,,,,,,,,,,,,,,,,,,,,,,2.5,2.1,13.9,34.5,78.4,48.6,29.2,137.3,119.4,94.4,57.8,34.8,,
-105,,,,,,,,,,,,,,,,,,,,,,,,,,,,,,,,,,,,,,,,,2.6,2.2,15.7,54.3,79.8,48.9,29.3,137.4,119.4,94.5,57.8,35,,
-104,,,,,,,,,,,,,,,,,,,,,,,,,,,,,,,,,,,,,,,,2.4,2.7,2.3,20.9,76.7,81.1,49.1,29.3,137.4,119.4,94.6,57.7,35.2,,
-103,,,,,,,,,,,,,,,,,,,,,,,,,,,,,,,,,,,,,,,,2.5,2.8,2.4,29.9,92.9,82,49.4,29.5,137.3,119.4,94.7,57.7,35.2,,
-102,,,,,,,,,,,,,,,,,,,,,,,,,,,,,,,,,,,,,,,1.9,2.6,2.8,2.4,51.2,100.6,82.9,49.6,29.7,137.3,119.4,94.6,57.7,35.3,,
-101,,,,,,,,,,,,,,,,,,,,,,,,,,,,,,,,,,,,,,,1.9,2.6,2.9,2.4,79.4,103.9,83.4,49.6,29.7,137.3,119.4,94.6,57.8,35.2,,
-100,,,,,,,,,,,,,,,,,,,,,,,,,,,,,,,,,,,,,,1.6,1.9,2.7,3.1,2.5,103.4,106.1,83.8,49.7,29.6,137.3,119.4,94.7,57.9,35.1,,
-99,,,,,,,,,,,,,,,,,,,,,,,,,,,,,,,,,,,,,,1.6,2,2.8,3.2,2.6,117.6,107.3,84.1,49.8,29.8,137.2,119.4,94.8,57.9,35.1,,
-98,,,,,,,,,,,,,,,,,,,,,,,,,,,,,,,,,,,,,,1.7,2,2.8,3.3,2.6,123,108.1,84.5,50,29.9,137.1,119.5,94.9,57.9,35.2,,
-97,,,,,,,,,,,,,,,,,,,,,,,,,,,,,,,,,,,,,,1.8,2,2.9,3.3,2.7,125.6,108.8,84.9,50.2,29.9,136.9,119.6,95,57.8,35.3,,
-96,,,,,,,,,,,,,,,,,,,,,,,,,,,,,,,,,,,,,,1.8,2.1,3,3.2,2.7,127,109.3,85.2,50.3,30,136.8,119.7,95,57.8,35.4,,
-95,,,,,,,,,,,,,,,,,,,,,,,,,,,,,,,,,,,,,1.1,1.9,2.3,3.1,3.3,2.8,128.2,109.8,85.5,50.5,30.1,137.2,119.8,94.9,57.9,35.4,,
-94,,,,,,,,,,,,,,,,,,,,,,,,,,,,,,,,,,,,,1.1,2,2.4,3.2,3.4,2.8,128.8,110.1,85.8,50.7,30.2,137.5,119.7,95,58.1,35.4,,
-93,,,,,,,,,,,,,,,,,,,,,,,,,,,,,,,,,,,,,1.1,1.9,2.3,3.3,3.5,2.9,129.4,110.3,86,50.9,30.3,137.3,119.7,95,58.2,35.4,,
-92,,,,,,,,,,,,,,,,,,,,,,,,,,,,,,,,,,,,,1,1.9,2.3,3.4,3.6,3,129.9,110.9,86.3,51.1,30.4,137.1,119.6,95,58.3,35.5,,
-91,,,,,,,,,,,,,,,,,,,,,,,,,,,,,,,,,,,,1.6,1.1,2,2.5,3.5,3.8,3,130.3,111.5,86.5,51.3,30.4,137.2,119.6,94.8,58.4,35.5,,
-90,,,,,,,,,,,,,,,,,,,,,,,,,,,,,,,,,,,,1.7,1.2,2.1,2.6,3.7,3.9,3.1,130.2,111.8,86.7,51.4,30.5,137.3,119.6,95,58.5,35.6,,
-89,,,,,,,,,,,,,,,,,,,,,,,,,,,,,,,,,,,,1.7,1.3,2.2,2.7,3.8,4,3.1,130.3,112,86.8,51.5,30.7,137.2,119.7,95.2,58.5,35.6,,1
-88,,,,,,,,,,,,,,,,,,,,,,,,,,,,,,,1.1,0.8,,,1.5,1.8,1.3,2.3,2.8,3.8,4.1,3.2,130.6,112,86.9,51.5,30.8,137.1,119.8,95.3,58.4,35.6,,1.1
-87,,,,,,,,,,,,,,,,,,,,,,,,,,,,,,,1,0.8,,,1.5,1.8,1.4,2.3,2.8,3.9,4.2,3.2,130.9,112,87.1,51.6,30.9,137.2,119.8,95.4,58.5,35.6,,1.2
-86,,,,,,,,,,,,,,,,,,,,,,,,,,,,,,,1,0.8,,1.2,1.5,1.9,1.4,2.3,2.9,4,4.3,3.3,130.9,112.4,87.3,51.8,30.9,137.2,119.7,95.4,58.6,35.5,,1.3
-85,,,,,,,,,,,,,,,,,,,,,,,,,,,,,,1.2,1.1,0.8,1.1,1.3,1.6,1.9,1.4,2.4,2.9,4.2,4.4,3.5,130.9,112.9,87.5,52,30.8,137.4,119.7,95.4,58.6,35.6,,1.3
-84,,,,,,,,,,,,,,,,,,,,,,,,,,,,,,1.2,1.2,0.9,1.1,1.4,1.7,1.9,1.4,2.5,3,4.3,4.4,3.5,131.1,113,87.7,52.1,30.7,137.6,119.7,95.5,58.7,35.7,,1.3
-83,,,,,,,,,,,,,,,,,,,,,,,,,,,,,,1.2,1.3,0.9,1.1,1.4,1.7,2,1.4,2.6,3.2,4.3,4.5,3.6,131.2,113.1,87.8,52.3,30.9,137.3,119.7,95.6,58.7,35.9,,1.3
-82,,,,,,,,,,,,,,,,,,,,,,,,,0.6,,,,1.1,1.2,1.3,1,1,1.5,1.7,2,1.5,2.8,3.3,4.5,4.7,3.7,131.4,113.2,87.8,52.4,31.2,137.1,119.8,95.5,58.8,36,,1.3
-81,,,,,,,,,,,,,,,,,,,,,,,,,0.7,,,1.1,1.1,1.2,1.3,1.1,1.1,1.5,1.7,2,1.5,2.8,3.5,4.7,4.8,3.8,131.5,113.3,87.9,52.5,31.3,137.1,119.9,95.3,58.8,35.9,,1.3
-80,,,,,,,,,,,,,,,,,,,,,,,,,0.8,1,0.8,1.1,1.1,1.2,1.3,1,1.2,1.6,1.8,2.1,1.5,2.9,3.6,4.8,5,3.9,131.5,113.3,88,52.6,31.3,137,119.9,95.4,58.7,35.8,1.3,1.6
-79,,,,,,,,,,,,,,,,,,,,,,,,0.9,0.8,1.1,0.8,1.1,1.1,1.3,1.2,1,1.2,1.6,1.9,2.1,1.5,2.8,3.8,4.9,5.1,3.9,131.6,113.3,88.2,52.7,31.3,137,119.8,95.5,58.7,35.7,1.3,1.5
-78,,,,,,,,,,,,,,,,,,,,,,,,0.9,0.8,1.1,0.8,1.1,1.2,1.3,1.2,1.1,1.3,1.7,2,2.2,1.5,3,4,5.1,5.2,4.1,131.8,113.5,88.4,52.8,31.2,137,119.9,95.5,58.7,35.7,1.2,1.6
-77,,,,,,,,,,,,,,,,,,,,,,,0.8,0.9,0.9,1.1,0.9,1.1,1.3,1.4,1.3,1.2,1.3,1.7,2,2.3,1.6,3.2,4,5.2,5.3,4.2,131.9,113.9,88.6,52.7,31.4,137,119.9,95.5,58.8,35.9,1.2,1.6
-76,,,,,,,,,,,,,,,,,,,,,,0.8,0.8,0.9,0.8,1,0.9,1.2,1.4,1.4,1.3,1.1,1.3,1.8,2,2.3,1.7,3.4,4.2,5.4,5.4,4.3,131.8,113.8,88.8,52.7,31.6,137,119.9,95.4,58.9,36.1,1.2,1.4
-75,,,,,,,,,,,,,,,,,,,,0.3,0.5,0.7,0.9,1,0.8,1.3,0.9,1.2,1.4,1.5,1.2,1.1,1.4,1.9,2.1,2.4,1.7,3.6,4.3,5.6,5.5,4.4,131.8,113.7,88.9,52.7,31.7,137.1,119.9,95.3,58.9,36.2,1.6,1.4
-74,,,,,,,,,,,,,,,,,,,,0.3,0.6,0.7,1,1.2,0.8,1.5,0.9,1.2,1.4,1.5,1.5,1.2,1.5,1.9,2.2,2.5,1.8,3.7,4.5,5.8,5.6,4.5,131.8,113.9,89,52.8,31.7,137.2,119.9,95.3,59,36.1,1.5,1.6
-73,,,,,,,,,,,,,,,,,,,0.4,0.4,0.6,0.8,1,1.2,0.8,1.4,0.9,1.2,1.5,1.6,1.5,1.3,1.5,1.9,2.3,2.5,1.8,3.7,4.8,6,5.8,4.7,131.8,114,89,52.9,31.8,137,119.9,95.4,59,36.1,1.4,1.7
-72,,,,,,,,,,,,,,,,,,,0.4,0.4,0.6,0.8,1,1.2,0.9,1.3,0.9,1.3,1.6,1.6,1.5,1.3,1.4,2,2.4,2.6,1.9,3.8,4.9,6.2,6.1,4.8,131.8,114.2,88.8,53,31.8,136.8,120,95.6,59,36.1,1.4,1.8
-71,,,,,,,,,,,,,,,,,,0.5,0.5,0.4,0.6,0.8,1,1.2,0.9,1.2,1,1.3,1.7,1.6,1.6,1.2,1.5,2.1,2.5,2.6,1.9,4,5.1,6.5,6.3,5,131.8,114.4,89,53.1,31.8,136.8,120,95.8,59.1,36.1,1.5,1.9
-70,,,,,,,,,,,,,,,,0.4,0.4,0.5,0.6,0.5,0.7,0.8,1,1.2,1,1.4,1,1.4,1.8,1.6,1.4,1.3,1.6,2.1,2.6,2.7,1.9,4.2,5.2,6.8,6.5,5.3,131.5,114.4,89.3,53.1,31.7,136.7,119.8,95.8,59.2,36,1.6,1.6
-69,,,,,,,,,,,,,,,0.2,0.4,0.4,0.6,0.6,0.5,0.8,0.9,1.1,1.2,1,1.1,1.1,1.4,1.9,1.7,1.5,1.4,1.6,2.1,2.7,2.8,2,4.4,5.5,7,6.7,5.6,131.5,114.4,89.4,53.3,31.7,136.6,119.7,95.7,59.3,36.1,1.8,1.6
-68,,,,,,,,,,,,,,,0.2,0.4,0.5,0.6,0.6,0.5,0.8,0.9,1.2,1.3,1,1.1,1.1,1.4,1.9,1.9,1.6,1.4,1.7,2.2,2.8,2.9,2.1,4.5,5.7,7.2,6.9,6.4,131.7,114.2,89.5,53.5,31.9,136.6,119.7,95.7,59.3,36.3,2,1.8
-67,,,,,,,,,,,,,,0.3,0.2,0.4,0.5,0.7,0.6,0.5,0.8,0.9,1.2,1.3,1,1.2,1.1,1.4,1.9,2,1.7,1.4,1.7,2.3,2.8,3.1,2.2,4.6,6,7.5,7.2,7.4,131.9,114.1,89.6,53.5,31.9,136.6,119.7,95.6,59.4,36.2,1.9,1.8
-66,,,,,,,,,,,,,0.4,0.3,0.3,0.4,0.6,0.7,0.7,0.6,0.9,0.9,1.3,1.3,1,1.5,1.2,1.5,1.9,2,1.7,1.5,1.9,2.4,2.9,3.2,2.2,4.8,6.3,7.8,7.5,9.2,131.9,114.2,89.8,53.5,31.9,136.6,119.8,95.7,59.5,36.1,1.9,1.8
-65,,,,,,,,,,,0.4,0.2,0.4,0.3,0.3,0.4,0.6,0.7,0.7,0.6,0.9,0.9,1.3,1.4,1.1,1.5,1.3,1.6,2,2.1,1.8,1.5,1.9,2.5,3,3.3,2.3,5.1,6.6,8.2,8.1,12.3,131.8,114.3,89.7,53.6,31.9,136.8,119.9,95.8,59.4,36.2,2.1,1.9
-64,,,,,,,,,,,0.4,0.2,0.4,0.4,0.2,0.3,0.6,0.6,0.7,0.6,0.8,0.9,1.4,1.4,1.1,1.5,1.4,1.6,2.1,2.2,1.7,1.6,2,2.6,3.1,3.4,2.4,5.3,6.9,8.5,8.8,15.9,131.7,114.4,89.7,53.7,31.9,136.9,119.9,95.9,59.3,36.3,2.3,1.8
-63,,,,,,,,,,,0.3,0.3,0.4,0.4,0.2,0.3,0.7,0.7,0.7,0.6,0.8,1,1.5,1.5,1.1,1.5,1.3,1.8,2.2,2.2,1.9,1.6,2.1,2.6,3.2,3.4,2.5,5.5,7.2,8.8,9.8,19.2,131.6,114.5,89.8,53.7,32,136.7,119.8,96.1,59.3,36.5,2.3,1.9
-62,,,,,,,,,,0,0.3,0.3,0.4,0.5,0.3,0.4,0.7,0.7,0.8,0.6,0.9,1.1,1.5,1.6,1.1,1.5,1.3,1.9,2.3,2.3,1.9,1.7,2.1,2.8,3.4,3.4,2.5,5.8,7.5,9.5,12.1,21.5,131.8,114.5,90,53.7,32,136.6,119.8,96.1,59.5,36.6,2.3,2.1
-61,,,,,,,,,0.3,0.1,0.3,0.3,0.4,0.5,0.4,0.4,0.7,0.7,0.8,0.6,0.9,1.2,1.6,1.6,1.1,1.6,1.4,2,2.4,2.3,1.9,1.8,2.2,3,3.5,3.5,2.6,6.1,8,10.3,15.5,22.6,131.9,114.4,90,53.8,32,136.7,119.8,96,59.4,36.5,2.3,2.1
-60,,,,,,0.2,0,0.1,0.4,0,0.3,0.3,0.4,0.5,0.4,0.4,0.7,0.8,0.8,0.7,1,1.2,1.6,1.6,1.1,1.6,1.5,2,2.6,2.4,2.1,1.8,2.4,3,3.7,3.6,2.6,6.4,8.6,11.2,21.5,23.2,132,114.4,89.9,54.1,32.1,136.8,119.7,95.9,59.3,36.4,2.4,2
-59,,,,,,0.2,0,0.1,0.4,0,0.3,0.3,0.5,0.5,0.4,0.5,0.7,0.9,0.9,0.6,1,1.2,1.7,1.6,1.1,1.6,1.6,2.1,2.7,2.5,1.9,1.7,2.5,3.1,3.9,3.7,2.6,6.8,9.4,12.2,28.8,23.8,132,114.5,90,54.1,32.1,136.6,119.7,95.8,59.3,36.4,2.3,2.3
-58,,,,,,0.2,0.1,0.2,0.4,0,0.4,0.3,0.5,0.6,0.4,0.6,0.7,0.9,1,0.6,1.1,1.3,1.6,1.6,1.2,1.7,1.7,2.1,2.8,2.5,1.9,1.9,2.6,3.2,4.1,3.8,2.8,7.3,10.4,14.3,34.9,24,131.6,114.5,90.1,54,32.1,136.4,119.7,95.9,59.4,36.5,2.4,2.2
-57,,,,,,0.2,0.2,0.3,0.3,0,0.5,0.4,0.4,0.6,0.4,0.6,0.8,1,1,0.7,1.2,1.4,1.7,1.7,1.2,1.9,1.7,2.2,2.8,2.7,2,2,2.6,3.4,4.3,3.9,2.9,8,11.8,18.3,38.5,24.2,131.5,114.5,90.2,54,32.2,136.6,119.7,95.9,59.4,36.5,2.7,2.3
-56,,,,,0.1,0.2,0.2,0.3,0.3,0,0.4,0.4,0.4,0.6,0.4,0.6,0.7,1,1,0.8,1.2,1.5,1.8,1.8,1.3,2.1,1.8,2.3,3,2.8,2.3,2,2.7,3.6,4.4,4.1,2.9,9,13.5,25.4,40.4,24.4,131.7,114.5,90.3,53.9,32.4,136.6,119.6,95.9,59.4,36.5,2.8,2.4
-55,0.2,0.1,0.1,0.1,0.1,0.2,0.2,0.2,0.3,0.1,0.4,0.4,0.5,0.6,0.4,0.7,0.7,1,1,0.9,1.2,1.6,1.9,1.9,1.3,2.1,1.8,2.4,3.1,2.9,2.5,2,2.8,3.8,4.6,4.2,3.1,10.4,17.8,38.3,41.3,24.7,131.9,114.6,90.2,54,32.4,136.6,119.6,95.9,59.4,36.4,2.8,2.4
-54,0.2,0.1,0.1,0.1,0.1,0.2,0.2,0.3,0.3,0.1,0.5,0.4,0.5,0.7,0.4,0.7,0.8,1,1.1,0.9,1.2,1.6,2,1.9,1.4,1.9,1.9,2.5,3.3,3,2.5,2.1,3,4,4.8,4.3,3.3,12.5,25,53.2,42,24.7,131.8,114.4,90.1,54.2,32.3,136.5,119.6,95.9,59.5,36.3,2.7,2.2
-53,0.2,0.2,0.1,0.1,0.2,0.2,0.2,0.4,0.3,0.1,0.5,0.5,0.6,0.7,0.4,0.7,0.9,1.1,1,0.9,1.2,1.7,2.1,2,1.5,2,2,2.7,3.5,3,2.4,2.1,3.1,4.2,4.9,4.5,3.4,18.5,40.3,64.1,42.5,24.7,131.7,114.1,90.1,54.1,32.2,136.3,119.6,95.8,59.5,36.4,3.1,2.4
-52,0.1,0.2,0.1,0,0.2,0.2,0.2,0.3,0.3,0.1,0.4,0.5,0.6,0.6,0.4,0.7,1,1.1,1,1,1.2,1.7,2.2,2.1,1.5,2.2,2.1,2.8,3.6,3.1,2.6,2.2,3.2,4.4,5.1,4.7,3.5,29.5,61,70.3,43,24.8,131.6,114.3,90.2,54,32.2,136.1,119.7,95.8,59.5,36.5,3.1,2.5
-51,0.1,0.2,0.1,0,0.3,0.2,0.2,0.3,0.3,0.1,0.4,0.5,0.7,0.6,0.3,0.7,1,1.3,1.1,1,1.3,1.8,2.3,2.1,1.5,2.2,2.2,3,3.7,3.2,2.5,2.3,3.4,4.6,5.4,4.9,3.8,53,79.5,73.1,43.3,25,131.5,114.6,90.2,54.1,32.3,136,119.7,95.9,59.5,36.6,3.2,2.3
-50,0.2,0.1,0.1,0,0.2,0.2,0.2,0.2,0.2,0,0.4,0.5,0.7,0.6,0.4,0.7,1,1.4,1.1,1.1,1.4,1.9,2.4,2.2,1.5,2.3,2.3,3.1,3.9,3.3,2.6,2.3,3.6,4.8,5.7,5.2,4.1,81.1,91.5,74.4,43.5,25.1,131.6,114.6,90.3,54.3,32.4,135.9,119.6,95.9,59.5,36.6,3.4,2.5
-49,0.2,0.1,0,0,0.1,0.3,0.3,0.2,0.3,0,0.5,0.6,0.7,0.7,0.4,0.8,1,1.4,1.1,1,1.5,2,2.5,2.2,1.6,2.4,2.4,3.3,4,3.5,2.8,2.4,3.8,5,6,5.4,4.7,101.6,96.4,75.5,43.8,25.2,131.6,114.6,90.4,54.3,32.4,136,119.4,96,59.4,36.6,3.5,2.8
-48,0.1,0,0,0.1,0.1,0.3,0.3,0.2,0.4,0,0.5,0.6,0.7,0.8,0.5,0.8,1.2,1.5,1.2,1,1.5,2.1,2.6,2.3,1.7,2.6,2.5,3.4,4.1,3.6,2.8,2.6,4,5.3,6.3,5.7,5.5,112.5,98.8,76.2,44,25.2,131.6,114.5,90.5,54.4,32.4,136,119.4,95.8,59.3,36.6,3.5,3
-47,0.1,0,0,0.1,0.1,0.3,0.3,0.3,0.4,0,0.5,0.7,0.7,0.8,0.5,0.8,1.4,1.5,1.3,1,1.6,2.2,2.7,2.4,1.8,2.8,2.6,3.6,4.3,3.7,3,2.8,4.2,5.5,6.6,6.2,6.9,116.7,100,76.8,44.1,25.3,131.6,114.3,90.4,54.3,32.3,135.9,119.4,95.5,59.4,36.7,3.7,3.2
-46,0.1,0,0,0.1,0.1,0.2,0.3,0.3,0.4,0,0.5,0.8,0.8,0.8,0.5,0.9,1.4,1.6,1.4,0.9,1.7,2.3,2.8,2.4,1.8,3.1,2.7,3.8,4.5,3.9,3.1,2.9,4.4,5.9,7,6.7,9.2,119.4,101,77.3,44.3,25.4,131.5,114.3,90.2,54.2,32.3,135.8,119.3,95.5,59.5,36.8,3.9,3.2
-45,0.1,0,0,0.1,0,0.2,0.2,0.4,0.3,0.1,0.6,0.8,1,0.8,0.5,1,1.5,1.7,1.4,1,1.8,2.4,2.9,2.6,1.9,3.2,2.9,4,4.7,4.1,3,3,4.6,6.3,7.4,7.7,12.4,120.5,101.9,77.8,44.4,25.5,131.5,114.4,90.2,54.3,32.3,135.7,119.2,95.6,59.5,36.8,4.2,3.3
-44,0.2,0.1,0.1,0,0.1,0.2,0.2,0.4,0.3,0.2,0.6,0.8,1,0.8,0.5,1.1,1.6,1.8,1.5,1.1,1.9,2.5,3.1,2.8,2,3.5,3.1,4.1,5,4.3,3.3,3.2,4.9,6.9,8.1,9.7,15.7,121.2,102.6,78.1,44.4,25.6,131.3,114.4,90.3,54.5,32.3,135.5,119.2,95.7,59.5,36.8,4.3,3.5
-43,0.2,0.1,0.1,0,0.1,0.2,0.3,0.3,0.3,0.3,0.6,0.9,1,0.9,0.6,1.1,1.7,1.8,1.6,1.1,2,2.7,3.2,2.9,2,3.6,3.3,4.3,5.3,4.5,4,3.4,5.4,7.5,9.1,12.7,18.4,121.7,103.1,78.4,44.6,25.7,131.2,114.3,90.3,54.5,32.3,135.3,119.1,95.8,59.6,36.7,4.3,4
-42,0.2,0.1,0.1,0,0.1,0.2,0.4,0.4,0.4,0.2,0.6,1,1,0.9,0.6,1.1,1.8,1.9,1.6,1.1,2.2,2.9,3.4,2.9,2.1,3.5,3.4,4.6,5.6,4.8,4.6,4.3,5.9,8.5,10.4,18.3,20.2,122,103.4,78.6,44.9,25.8,131.1,114.2,90.2,54.5,32.3,135.1,118.9,95.8,59.6,36.6,4.3,4.9
-41,0.1,0.1,0.1,0.1,0.1,0.2,0.4,0.4,0.4,0.2,0.5,1,1,1,0.7,1.2,1.9,2,1.7,1.3,2.4,3,3.5,3.1,2.1,3.9,3.6,5,6,5.3,5.4,5.1,6.8,9.7,13,25.5,21.2,122.2,103.7,78.8,45.1,25.9,131,114,90.2,54.5,32.3,135.1,118.8,95.7,59.6,36.6,4.4,5.9
-40,0.2,0.1,0.1,0.1,0.1,0.2,0.4,0.4,0.4,0.2,0.7,0.9,1.1,1.1,0.7,1.3,1.9,2.1,1.9,1.4,2.4,3.1,3.7,3.2,2.2,4.1,3.9,5.4,6.4,5.9,7.2,6.9,7.9,11.7,18,31.7,21.8,122.3,103.9,79.1,45.2,25.9,131,113.9,90.2,54.5,32.4,135.2,118.9,95.5,59.5,36.6,4.7,7.6
-39,0.2,0.1,0.1,0.1,0,0.3,0.4,0.4,0.4,0.2,0.8,1,1.3,1.1,0.7,1.4,1.9,2.2,1.9,1.5,2.5,3.3,3.9,3.4,2.3,4.3,4.2,5.9,6.8,7.2,9.9,9.4,9.8,15.7,27.2,35.8,22.3,122.3,104.1,79.4,45.3,25.9,130.9,113.7,90.2,54.5,32.5,135.2,119,95.4,59.5,36.6,5,10.2
-38,0.2,0.1,0.1,0.1,0,0.4,0.4,0.4,0.4,0.3,0.8,1.1,1.4,1.1,0.7,1.5,2,2.3,1.9,1.5,2.6,3.4,4.1,3.6,2.5,4.6,4.6,6.4,7.7,8.6,13.3,13.2,14.1,24,40.5,38,22.6,122.4,104.3,79.4,45.5,26,130.7,113.7,90.2,54.5,32.6,135.1,118.7,95.3,59.5,36.6,5.4,13.5
-37,0.3,0.1,0,0,0,0.4,0.4,0.5,0.4,0.3,0.8,1.2,1.4,1.1,0.7,1.7,2.2,2.4,2,1.5,2.8,3.8,4.4,3.9,2.9,5.2,5.1,7.2,8.5,11.7,16.5,16.4,23.2,40,53.7,38.9,22.7,122.5,104.4,79.4,45.5,26,130.6,113.8,90.4,54.6,32.6,135.1,118.6,95.2,59.5,36.7,5.8,16.7
-36,0.2,0,0,0,0,0.4,0.4,0.5,0.4,0.3,0.8,1.3,1.4,1.1,0.8,1.8,2.3,2.6,2.1,1.6,2.9,4.1,4.7,4.2,3.4,6.2,6,8.3,10.4,17.2,19.2,18.7,41.6,60.6,63,39.6,22.8,122.8,104.7,79.5,45.4,26.1,130.6,113.9,90.5,54.7,32.6,135.1,118.7,95.1,59.4,36.8,6.3,19.1
-35,0.2,0.1,0,0,0.1,0.4,0.4,0.5,0.4,0.3,0.8,1.4,1.4,1.2,0.8,1.9,2.5,2.7,2.2,1.6,3,4.4,5.1,4.7,4.1,7.2,7.1,10,13.6,24.1,20.4,20.1,67.6,78.1,67.8,40.1,22.9,123.1,105,79.7,45.6,26.1,130.5,113.9,90.4,54.8,32.6,135,118.7,95.1,59.5,36.9,7.9,20.3
-34,0.2,0.1,0.1,0,0.1,0.4,0.5,0.5,0.4,0.3,0.9,1.4,1.5,1.2,0.8,1.9,2.6,2.8,2.3,1.7,3.3,4.8,5.5,5.1,5.3,9.1,8.8,13.3,20.1,30.5,21.4,20.8,91.3,88.1,70.2,40.6,23.1,123.3,105.2,80,45.9,26.2,130.5,114,90.3,54.7,32.6,134.8,118.5,95.2,59.6,36.9,10,21.1
-33,0.2,0.2,0.1,0,0.1,0.5,0.6,0.6,0.4,0.3,1,1.5,1.7,1.3,0.8,2,2.8,3,2.5,1.9,3.7,5.5,6.2,6.3,7.4,13,12.4,20.1,31.9,34.5,22,21.4,105.6,93,71.9,40.9,23.2,123.3,105.2,80.4,45.9,26.2,130.5,114,90.3,54.7,32.6,134.6,118.4,95.3,59.6,36.8,13.9,21.6
-32,0.2,0.1,0.1,0.1,0.1,0.5,0.6,0.7,0.5,0.3,1,1.6,1.8,1.4,0.8,2.2,3,3.2,2.7,2.2,4.2,6.2,7,7.6,10.5,21.6,20.6,33.6,46.9,36.6,22.2,21.7,111.9,95.6,72.9,41.1,23.3,123.2,105.2,80.6,45.8,26.3,130.4,114,90.4,54.8,32.7,134.5,118.2,95.5,59.7,36.8,21.7,22
-31,0.2,0.1,0.1,0.1,0.1,0.5,0.7,0.8,0.6,0.3,1,1.7,1.8,1.5,0.8,2.3,3.2,3.4,2.9,2.3,5,7.2,8.2,10.5,13.9,37.3,37.7,53.1,58.9,37.6,22.3,21.9,114.7,97.1,73.3,41.2,23.4,123.1,105.1,80.6,45.8,26.5,130.3,114,90.4,54.7,32.7,134.5,118.2,95.6,59.7,36.8,35.8,22.4
-30,0.2,0,0.1,0.1,0.1,0.5,0.7,0.8,0.7,0.3,1.1,1.7,1.9,1.6,0.9,2.4,3.5,3.7,3.1,2.5,6,8.5,10.4,15.8,16.8,63.5,63.2,72.4,65.4,38.5,22.3,22,116.1,98,73.7,41.3,23.4,123.2,105.2,80.7,45.8,26.5,130.4,113.8,90.4,54.7,32.6,134.5,118.3,95.6,59.7,36.8,58.2,22.7
-29,0.2,0,0.1,0.2,0.1,0.6,0.8,0.9,0.6,0.4,1.3,1.9,2.1,1.6,1,2.7,3.7,4.1,3.5,3.2,7.5,11,15,22.6,18.8,88,88,85.1,68.8,38.8,22.3,22.1,117.2,98.8,74.1,41.5,23.4,123.3,105.4,80.7,46,26.5,130.4,113.7,90.4,54.7,32.7,134.5,118.4,95.5,59.7,36.8,83.1,22.9
-28,0.2,0.1,0.1,0.2,0.1,0.6,0.8,0.9,0.6,0.4,1.4,2,2.3,1.7,1.1,3,4.3,4.5,4,4,11,16.4,23.4,29.3,19.9,102.5,103.5,91.1,70.2,39.2,22.3,22.1,117.8,99.2,74.5,41.8,23.5,123.5,105.5,80.9,46.2,26.5,130.3,113.7,90.5,54.7,32.9,134.6,118.5,95.5,59.7,36.8,100.3,22.6
-27,0.2,0.2,0.1,0.2,0.1,0.6,0.9,1,0.7,0.4,1.5,2.2,2.5,1.8,1.2,3.4,4.8,5.3,5.2,5.5,18.6,27.6,36.8,33.6,20.5,110.4,110.6,94.1,71.5,39.5,22.2,22.1,118.2,99.6,74.9,41.8,23.6,123.6,105.5,81.2,46.3,26.5,130.3,113.8,90.4,54.7,32.9,134.4,118.6,95.5,59.7,36.8,109.6,22.6
-26,0.3,0.2,0.1,0.2,0.1,0.6,0.9,1.1,0.8,0.4,1.6,2.3,2.6,2,1.3,4.1,5.8,6.1,6.4,8.1,34.7,45.4,51,35.8,20.9,114.2,113.5,95.7,72,39.9,22.2,22.2,118.5,100,75.2,41.9,23.7,123.6,105.6,81.2,46.3,26.5,130.3,113.8,90.2,54.8,33,134.3,118.5,95.5,59.7,36.9,113.9,22.8
-25,0.3,0.2,0.1,0.2,0.1,0.6,1,1.1,0.8,0.5,1.7,2.5,2.7,2.2,1.4,5.3,6.8,7.7,9.6,11.6,59.9,67.1,60.3,36.7,21.1,115.7,114.9,96.6,72.5,40.1,22.7,22.4,118.7,100.4,75.4,42,23.9,123.5,105.7,81.2,46.3,26.5,130.3,113.7,90.3,54.8,32.9,134.4,118.4,95.6,59.8,36.9,116.2,23
-24,0.3,0.2,0.1,0.1,0.1,0.6,1.1,1.2,0.8,0.5,1.9,2.7,3,2.4,1.6,6.7,9.1,10.8,14.5,15,85.8,81.6,65.2,37.6,21.3,116.1,115.8,97.4,72.9,40.4,22.8,22.4,119,100.6,75.5,42.1,24,123.4,105.8,81.2,46.4,26.6,130.1,113.8,90.5,54.7,32.9,134.4,118.5,95.6,60,37,116.7,23
-23,0.3,0.2,0.2,0.1,0.1,0.7,1.2,1.2,0.9,0.5,2.2,3.1,3.5,2.8,2.1,9.7,13.5,17.3,21.8,17.4,101.6,88.9,67.7,38,21.4,116.6,116.5,97.9,73.2,40.4,22.9,22.4,119.2,100.8,75.8,42.2,24,123.3,105.9,81.1,46.4,26.7,130.1,113.8,90.5,54.8,32.9,134.3,118.6,95.5,59.8,36.9,117.4,22.9
-22,0.3,0.2,0.3,0,0.1,0.8,1.3,1.2,0.9,0.6,2.6,3.6,4,3.2,2.9,16.7,22.6,28.3,28.3,18.8,108.6,92.2,69.3,38.4,21.5,117.2,116.9,98.2,73.5,40.4,22.8,22.5,119.3,101,75.9,42.2,23.9,123.5,106,81.3,46.5,26.7,130.3,113.8,90.4,54.9,32.8,134.1,118.6,95.5,59.6,36.8,117.9,23
-21,0.3,0.2,0.3,0.1,0,0.9,1.3,1.3,1,0.7,3.1,4.4,4.6,4.3,3.9,31.5,38.9,42.7,32,19.4,111.9,94,70.1,38.5,21.6,117.6,117,98.4,73.7,40.5,22.6,22.7,119.5,101.2,76,42.4,24,123.9,106,81.5,46.6,26.6,130.4,113.8,90.4,55,32.8,134.1,118.6,95.4,59.8,36.8,118.3,23.2
-20,0.3,0.3,0.3,0.1,0,1,1.5,1.4,1.1,0.9,4.2,5.3,5.7,5.4,5.8,55.3,60,54.7,34.4,20.1,113.3,95.2,70.6,38.6,21.8,117.6,117.2,98.6,74,40.7,22.9,22.7,119.7,101.2,76.1,42.5,24.1,123.9,106.1,81.6,46.6,26.7,130.2,113.7,90.5,55,32.9,134.1,118.6,95.3,60,36.9,118.8,23.3
-19,0.4,0.3,0.3,0.1,0,1.1,1.7,1.6,1.3,1,5.5,7.1,7.9,8.3,8.8,80.8,76.8,61.4,35.3,20.3,114.4,95.7,71,38.8,21.9,118.3,117.5,98.8,74.2,40.7,23.1,22.8,119.8,101.1,76.2,42.6,24.1,123.6,106.1,81.6,46.7,26.7,130,113.5,90.6,54.9,32.9,134.1,118.5,95.1,59.9,36.9,119.2,23.2
-18,0.3,0.4,0.3,0.1,0,1.3,2,1.9,1.5,1.2,8.2,10.5,12.3,13.2,12.3,98.5,85.3,65,36.2,20.5,115.2,96.2,71.3,39,22,118.2,117.7,99,74.4,40.7,23.1,22.8,119.9,101.2,76.3,42.7,24.1,123.5,106.1,81.4,46.7,26.7,129.9,113.6,90.7,54.9,32.8,134.1,118.4,95.2,59.7,36.9,118.8,22.9
-17,0.3,0.5,0.3,0.2,0.1,1.7,2.4,2.3,1.8,1.3,14.5,18,20.5,20.3,15.3,107,89.8,66.5,36.7,20.6,115.6,96.6,71.6,39.2,22.1,118.1,117.9,99.2,74.5,40.9,23.2,22.8,119.8,101.3,76.4,42.7,24,123.5,106.2,81.3,46.7,26.6,129.8,113.7,90.7,54.9,32.8,134.2,118.2,95.4,59.6,36.9,118.3,23
-16,0.4,0.5,0.4,0.2,0.1,2.2,3,2.9,2.2,2,27.9,32.3,33.4,26.9,17.3,110.4,91.9,67.9,37.1,20.8,115.7,96.9,71.8,39.3,22.1,118.5,117.9,99.4,74.5,41,23.3,22.9,119.6,101.5,76.5,42.8,24,123.6,106.1,81.3,46.7,26.7,129.8,113.6,90.7,54.9,32.9,134.2,117.9,95.5,59.6,36.9,118.3,23.1
-15,0.5,0.5,0.4,0.2,0.1,3.1,4,3.6,3.3,2.6,51.7,52.8,47,31.2,18.3,111.8,92.9,68.4,37.3,20.8,115.8,97,72,39.4,22,118.8,117.8,99.5,74.6,41.1,23.2,22.9,119.4,101.6,76.7,42.8,24.1,123.6,105.9,81.4,46.7,26.8,129.8,113.5,90.6,54.8,33,134.2,117.8,95.7,59.7,36.8,118.5,23.1
-14,0.6,0.6,0.5,0.2,0.1,4.3,5.3,5.1,4.5,4.2,78.7,71.3,56.5,33.4,18.9,112.9,93.6,69,37.4,20.8,115.9,97.2,72.1,39.4,22,118.5,117.8,99.6,74.7,41.1,22.9,22.9,119.4,101.7,76.8,42.9,24.2,123.6,105.8,81.5,46.8,26.8,129.8,113.4,90.4,54.7,33,134.2,117.9,95.3,59.8,36.8,118.2,23.3
-13,0.7,0.7,0.7,0.3,0.2,6.9,8.1,7.9,7.5,6.5,96.4,81.8,61.9,34.3,19.3,113.5,94.2,69.3,37.5,20.8,116,97.2,72.2,39.5,22,118.6,117.7,99.7,74.8,41.1,23.3,23,119.5,101.6,76.9,42.9,24.3,123.5,106.1,81.6,46.7,26.8,129.9,113.3,90.3,54.7,33,134.2,118,94.9,59.9,36.9,118.8,23.5
-12,0.9,1,0.8,0.5,0.3,13,14.7,13.9,12.4,9.7,105.2,86.9,64.3,35.2,19.5,113.9,94.7,69.7,37.6,20.9,116.1,97.3,72.3,39.5,22,117.8,117.8,99.8,74.8,41.2,23.5,23,119.6,101.7,76.9,42.9,24.3,123.3,106.2,81.7,46.6,26.8,129.9,113.4,90.2,54.8,33,134.1,117.9,94.9,59.9,37,118.8,23.5
-11,1.1,1.3,1.2,0.8,0.5,25.9,27.2,24.7,19,13.3,108.7,89.5,65.5,35.5,19.7,114,95.2,69.7,37.7,21,116.2,97.5,72.4,39.5,22.1,117.8,118.1,99.9,74.7,41.3,23.2,23.1,119.7,101.9,76.8,42.9,24.2,123.1,106,81.8,46.7,26.8,129.8,113.5,90.2,54.9,32.9,134,117.8,94.9,59.8,36.9,118.7,23.5
-10,1.9,1.9,1.6,1,0.9,48.8,46,39,25.5,15.6,110.3,90.7,66.2,35.8,19.7,114.2,95.2,69.8,37.7,21,116.1,97.6,72.5,39.5,22.1,118.1,118.1,100,74.9,41.4,22.8,23.1,119.5,101.8,76.8,42.9,24.2,123,105.9,81.7,46.8,26.9,129.5,113.4,90.2,54.9,32.9,133.9,117.9,95,59.7,36.9,118.4,23.7
-9,2.7,2.8,2.4,2,1.5,74.7,64.6,50.9,29.6,16.9,111.5,91.4,66.5,36.1,19.8,114.3,95.1,69.9,37.8,21,116,97.6,72.5,39.5,22.1,118.5,118,100,75,41.3,23.2,23.2,119.5,101.8,76.9,42.9,24.2,123,106,81.6,46.9,27,129.4,113.3,90.2,55,32.9,133.9,117.9,95,59.7,36.9,118.1,23.7
-8,4.7,4.8,4.2,3,2.5,93.6,77.1,57.7,31.9,17.7,111.8,92.1,66.8,36.4,19.9,114.4,95.4,70,37.8,21,115.9,97.6,72.6,39.5,22.1,118.7,118,100,75.1,41.3,23.3,23.2,119.5,101.8,77,42.9,24.3,123,106.1,81.6,47,26.9,129.7,113.3,90.1,55.1,33,133.8,117.8,95.1,59.6,37,118.1,23.4
-7,9.4,9.3,8.2,5.6,4.3,102.2,83.4,61.1,32.7,18.4,112.1,92.3,67.2,36.2,20,114.5,95.6,70.1,37.8,21,115.8,97.6,72.7,39.6,22.3,118.2,118.1,100,75.2,41.3,23.3,23.2,119.6,101.9,77.1,42.9,24.3,123,106.2,81.7,47,26.9,129.8,113.3,90.1,55,33,133.7,117.7,95.1,59.6,37,118.3,23.1
-6,20.6,19,15.8,10.4,7,106.2,86.1,62.4,33.6,18.5,112.1,92.4,67.5,36.1,20.1,114.5,95.4,70.1,37.9,21,116,97.6,72.8,39.6,22.3,118.6,118,100,75.2,41.2,23.3,23.1,119.6,101.9,77.2,43,24.4,122.9,106.1,81.7,47,26.8,129.5,113.2,90.2,54.9,33.1,133.5,117.7,95.1,59.6,36.9,118.5,23.3
-5,41.5,35.3,27.4,16.7,10.3,108.1,87.6,63.7,33.8,18.7,112.1,92.6,67.6,36.2,20.1,114.3,95.3,70.2,38,21.1,116.1,97.7,72.7,39.6,22.2,118.4,117.7,100,75.2,41.3,23.3,23,119.6,101.8,77.2,42.9,24.4,122.7,105.8,81.7,46.9,26.8,129.3,113,90.2,54.8,33.1,133.5,117.6,95.1,59.6,36.9,118.5,23.4
-4,67.5,54,40,22.8,12.9,109,88.6,64,34.1,18.7,112.3,92.9,67.7,36.3,19.9,114.2,95.4,70.4,38.1,21.1,116.1,97.7,72.6,39.7,22.2,118,117.6,100,75.2,41.3,23.3,23.1,119.4,101.8,77.2,42.9,24.3,122.7,105.7,81.7,46.9,26.8,129.3,113.2,90.2,54.7,33.1,133.4,117.4,95,59.6,37,118.3,23.4
-3,86.7,68.4,49.2,26.9,14.8,109.4,89,64.3,34.3,18.8,112.5,93,67.7,36.3,19.9,114.3,95.4,70.4,38,21.2,116.2,97.7,72.6,39.7,22.2,118.3,117.8,100.1,75.1,41.4,23.5,23.2,119.5,101.8,77.2,43,24.3,122.8,105.7,81.7,46.9,26.8,129.3,113.3,90.1,54.8,33.1,133.3,117.4,94.9,59.6,36.9,118.1,23.4
-2,95.6,75.5,54,28.8,15.8,109.8,89.4,64.6,34.5,18.8,112.4,93.2,67.7,36.3,19.9,114.3,95.3,70.4,38,21.2,116.2,97.7,72.8,39.8,22.1,118.4,117.9,100.3,75.1,41.6,23.6,23.2,119.7,101.8,77.1,43,24.3,122.7,105.8,81.8,46.8,26.7,129.3,113.2,90,54.9,33.1,133.2,117.5,94.9,59.5,36.9,118.3,23.3
-1,99,78.4,55.8,29.5,16.3,110,89.6,64.8,34.5,18.9,112.4,93,67.8,36.3,19.9,114.3,95.2,70.4,38,21.2,116.2,97.8,72.9,39.8,22.1,117.8,118,100.2,75.1,41.4,23.6,23.2,119.8,101.9,76.9,43,24.3,122.5,105.7,81.8,46.8,26.6,129.3,113,90,54.9,33.1,133.5,117.6,95.1,59.6,36.9,118.3,23.4
0,98.5,78.6,56.2,30.1,16.5,110.2,89.6,64.6,34.5,18.8,112.5,92.8,67.9,36.2,20,114.3,95.5,70.4,38,21.2,116.3,97.9,72.9,39.9,22.1,117.7,118,99.9,75.1,41.2,23.5,23.2,119.7,101.9,76.9,43,24.4,122.6,105.7,81.8,46.8,26.7,129.4,113.1,89.9,54.9,33,133.6,117.5,95,59.8,37,118,23.7
1,97.8,78.1,56.1,29.7,16.4,110,89.4,64.5,34.3,18.7,112.5,92.8,67.8,36.3,20,114.2,95.7,70.3,38,21.2,116.3,98.1,72.9,40,22.2,117.7,117.9,99.9,75.2,41.3,23.2,23.2,119.6,101.8,76.9,43,24.5,122.8,105.8,81.7,46.8,26.8,129.5,113.3,90,54.8,33,133.6,117.5,95,59.8,37.1,117.6,23.7
2,92.9,74.6,54,29.2,15.9,109.8,89.1,64.4,34.2,18.7,112.5,92.9,67.8,36.3,20.1,114.1,95.6,70.3,38,21.1,116.3,98.1,73,40,22.3,117.8,117.9,99.9,75.3,41.5,23.3,23.3,119.6,101.8,76.9,43,24.5,122.9,105.8,81.7,46.8,26.9,129.3,113.3,90.1,54.8,33,133.6,117.7,95.1,59.9,37.1,117.5,23.4
3,81.2,66.6,49.2,27.3,15,109.3,88.9,64.3,34.3,18.7,112.5,92.8,67.7,36.2,20.1,114.2,95.6,70.1,37.9,21.2,116.3,98.1,73,40,22.2,118.2,117.9,99.9,75.4,41.4,23.3,23.3,119.5,101.8,76.9,42.9,24.5,122.9,106,81.7,46.8,27,129.3,113.4,90.2,54.9,33.1,133.7,117.8,95.3,59.9,37,118.4,23.2
4,60.1,51.8,40.4,24.1,13.7,108.6,88.3,64,34.3,18.7,112.7,92.7,67.7,36.1,20,114.2,95.3,70,37.9,21.2,116.3,98,72.9,39.9,22.2,118.4,117.9,99.8,75.2,41.4,23.4,23.2,119.4,101.9,76.9,42.8,24.4,123,106.1,81.8,46.9,26.9,129.3,113.3,90.3,55.1,33.1,133.8,117.7,95.2,59.9,36.9,117.9,23.3
5,33,32.4,28,18.7,11.5,107.2,87.3,63.7,34,18.7,112.7,92.8,67.6,36.2,19.9,114.3,95.1,70,37.9,21.1,116.3,98,72.7,39.8,22.2,118.6,118,99.8,75.1,41.4,23.5,23.1,119.4,101.9,77,43,24.4,123,106,81.9,46.9,26.8,129.4,113.3,90.4,55.1,33.1,133.8,117.7,95,59.9,36.9,118.1,23.2
6,15,16.3,15.7,11.8,8.4,105.2,85.8,62.3,33.8,18.5,112.4,92.9,67.5,36.4,19.8,114.4,95.4,70.1,38,21.1,116.3,97.9,72.6,39.6,22.1,118.5,118,100,75.2,41.4,23.5,23.1,119.4,102,77.1,43.1,24.4,123.1,106,81.8,47,26.8,129.5,113.4,90.4,55.1,33.1,133.8,117.7,95,60,37,117.9,23.2
7,6.8,7.8,7.7,6.4,5.2,99.5,82.3,60.8,32.8,18.3,112.1,92.5,67.3,36.3,19.8,114.4,95.6,70.1,38,21.1,116.3,97.9,72.5,39.6,22.1,118.3,117.9,100.1,75.2,41.2,23.4,23,119.5,102,77,42.9,24.4,123.4,106.1,81.7,47,26.8,129.6,113.6,90.4,55,33.1,133.8,117.8,95.1,60,37,117.4,23.3
8,3.7,4.2,4.1,3.3,3,88.5,75.2,57.4,31.9,17.8,111.6,92,67.1,36.2,19.8,114.4,95.4,70.1,37.9,21.1,116.5,97.9,72.5,39.6,22.1,118.4,118,100,75.2,41,23.3,23,119.6,101.9,76.9,42.8,24.3,123.5,106.2,81.7,46.9,26.8,129.8,113.5,90.3,55,33.1,133.7,118.1,95.2,59.9,36.8,117.3,23.2
9,2.4,2.6,2.5,2.2,1.8,68.7,62.2,50.8,30.1,17.3,111,91.4,66.8,35.9,19.8,114.4,95.2,69.9,38,21,116.5,97.8,72.6,39.6,22.1,118,118.2,99.9,75.1,41.2,23.2,23.1,119.7,101.8,76.8,42.9,24.1,123.6,106.1,81.8,46.9,26.7,130,113.4,90.5,54.9,33,133.8,118.3,95.3,59.9,36.9,117.8,22.9
10,1.6,1.9,1.8,1.1,1,41.8,43.2,39.5,26.6,15.9,109.8,90.8,66.3,35.6,19.7,114.4,95,69.6,38,21,116.3,97.6,72.6,39.5,22.1,118,118.3,99.7,75.1,41.3,23.2,23,119.9,101.9,76.8,43.1,24.1,123.7,106,81.7,46.9,26.8,130,113.5,90.8,54.9,33,133.9,118.2,95.5,59.8,37,118.3,23.3
11,0.9,1.3,1.2,0.9,0.5,20.5,24.4,24.7,21.4,14.5,108.1,89.4,65.5,35.4,19.6,114.2,94.8,69.7,37.8,21,116.2,97.5,72.6,39.6,22,118.3,118.2,99.7,75.2,41.3,23.3,23,120,102,77,43,24.1,123.7,106.2,81.5,46.9,26.9,130.1,113.7,90.7,55,33.1,134.1,118.2,95.7,59.8,37,118.5,23.4
12,0.7,1,0.8,0.6,0.3,9.9,12.6,13.3,14.1,11.6,103.1,86.8,64.3,35.1,19.5,113.9,94.9,69.9,37.6,21,116.3,97.4,72.6,39.7,22,118.5,118.3,99.9,75.1,41.3,23.4,22.9,119.9,102,77,43,24.2,123.7,106.3,81.6,46.9,26.9,130.3,113.9,90.5,55.2,33.1,134.3,118.5,95.8,59.9,37,118.2,23.4
13,0.5,0.8,0.6,0.5,0.2,5.7,7.3,7.5,8.1,8.2,92.5,81,61.7,34.3,19.3,113.5,95,69.6,37.5,20.9,116.4,97.4,72.4,39.7,22.1,118.8,118.4,99.9,75,41.2,23.4,22.8,119.9,102,77,43,24.2,123.6,106.2,81.8,46.9,26.9,130.5,114,90.5,55.1,33.2,134.4,118.6,95.8,59.9,37.1,118.1,23.3
14,0.5,0.6,0.6,0.4,0.1,3.8,5,4.9,4.6,4.9,73,69.8,56.7,33.5,19,112.7,94,69.3,37.4,20.8,116.4,97.3,72.1,39.7,22,119.1,118.5,99.7,74.9,41.1,23.2,22.9,119.9,101.9,76.9,42.9,24.1,123.7,106.2,81.9,46.9,26.9,130.7,114,90.5,54.9,33.2,134.5,118.6,95.8,60,37.2,118.5,23.3
15,0.4,0.4,0.5,0.4,0,2.8,3.6,3.7,3.4,3,45.6,51.2,47.6,31.6,18.4,111.5,93,68.7,37.3,20.7,116.2,97.1,71.9,39.6,22,118.3,118.4,99.6,74.9,41,23.2,22.9,120,101.9,76.9,43,24.1,123.9,106.4,82,46.9,26.8,130.8,114,90.6,55,33.1,134.7,118.5,95.8,60.1,37.2,118.4,23.5
16,0.4,0.4,0.3,0.3,0,2,2.7,2.9,2.3,2.2,22.7,30.3,34.4,28.2,17.5,109.6,91.7,68.1,37.2,20.7,115.7,97,71.7,39.5,21.9,117.9,118.4,99.6,74.7,40.8,23.3,22.9,120.2,102,76.8,43.1,24.2,123.9,106.5,81.8,46.9,26.9,130.6,113.9,90.7,55.1,33.1,134.9,118.5,95.9,60.3,37.1,118.3,23.1
17,0.4,0.3,0.2,0.2,0,1.6,2.4,2.2,1.9,1.4,11.3,16.5,21.1,22.9,16.1,105,89.5,66.7,36.8,20.7,115.3,96.8,71.6,39.3,21.9,118.1,118.3,99.5,74.5,40.8,23.5,22.9,120.1,102,76.7,43,24.2,123.8,106.5,81.6,46.8,26.9,130.5,113.8,90.8,55.1,33.1,134.8,118.5,96,60.2,37.2,118.1,22.8
18,0.4,0.3,0.2,0.1,0.1,1.3,2,1.9,1.5,1.1,7,9.8,12.2,15.5,13.8,95,84.8,65.4,36.4,20.7,115.1,96.5,71.5,39,21.9,118.4,118.2,99.2,74.6,40.8,23.4,22.9,119.9,101.8,76.6,43,24.3,123.8,106.5,81.6,46.8,26.9,130.6,114,90.8,55.1,33.3,134.7,118.6,95.8,60.2,37.3,118.2,23
19,0.3,0.2,0.2,0.2,0.1,1.2,1.7,1.6,1.3,0.9,4.9,6.9,7.8,9.4,10.6,75.7,75.5,61.9,35.6,20.4,114.5,96,71.2,38.9,21.9,118.3,118.1,99,74.7,40.8,23.1,22.9,119.7,101.5,76.5,42.8,24.2,123.8,106.3,81.7,46.8,26.8,130.7,114.2,90.9,55.1,33.2,134.9,118.6,95.6,60.1,37.3,118.7,23.2
20,0.3,0.3,0.2,0.2,0.1,1.1,1.4,1.4,1.2,0.8,3.7,5.2,5.8,5.9,7.1,48.5,58.1,55.1,34.8,20.1,113.4,95.2,70.8,38.9,21.8,118.2,117.8,98.9,74.4,40.8,23.3,22.9,119.6,101.3,76.4,42.7,24.1,123.9,106.3,81.6,46.7,26.7,130.9,114.3,91.1,55.2,33.2,135.1,118.8,95.6,60.1,37.3,118.2,23
21,0.2,0.3,0.2,0.2,0.1,1,1.3,1.3,1,0.6,2.8,4.4,4.7,4.6,4.6,25,35.9,43.2,32.8,19.6,111.4,93.9,70.2,38.8,21.6,117.7,117.5,98.7,74.2,40.7,23.2,22.8,119.6,101.1,76.2,42.6,24.1,124,106.6,81.6,46.7,26.7,131.1,114.3,91,55.2,33.2,135.3,119,95.7,60.2,37.2,117.2,23
22,0.2,0.2,0.3,0.2,0.1,0.9,1.2,1.2,0.9,0.5,2.4,3.6,3.9,3.3,3.1,13,19.4,28.1,29.4,19,107,91.9,69.4,38.7,21.5,117.4,117.2,98.4,73.8,40.5,23,22.8,119.6,101.1,76,42.4,24.1,124,106.7,81.5,46.8,26.7,131.2,114.4,90.9,55.2,33.2,135.5,119.2,95.7,60.4,37.2,117.3,22.9
23,0.2,0.1,0.2,0.2,0.1,0.8,1.1,1.1,0.9,0.4,2.1,3.1,3.4,2.9,2.3,8,11.8,16.3,23.9,17.5,97.6,87.6,68,38.3,21.6,116.9,117,98.1,73.4,40.4,22.9,22.7,119.5,101.2,75.8,42.3,24,123.9,106.5,81.5,46.8,26.7,131.2,114.4,90.8,55.2,33.1,135.5,119.3,95.7,60.4,37.2,117.1,22.7
24,0.2,0.1,0.2,0.1,0.1,0.8,1,1,0.9,0.4,1.8,2.7,3,2.4,1.8,5.6,8.5,10.2,16.5,16.1,80.1,79.7,65.5,38,21.5,116.2,116.2,97.8,73.1,40.3,22.7,22.7,119.1,100.9,75.6,42.2,23.9,123.9,106.4,81.5,46.7,26.8,131,114.5,90.8,55.1,33,135.4,119.2,95.8,60.3,37.3,116.3,22.7
25,0.1,0.1,0.1,0.1,0.1,0.7,0.9,0.9,0.8,0.3,1.7,2.5,2.6,2.2,1.6,4.5,6.5,7.6,10.2,13.1,54,65.6,60.6,37.1,21.3,115.3,114.9,97,72.9,40.2,22.8,22.7,119,100.6,75.6,42.2,23.8,123.9,106.3,81.5,46.6,26.8,130.9,114.7,90.8,55.1,33,135.5,119.1,95.9,60.3,37.3,115.1,22.8
26,0.1,0.2,0.1,0.1,0.1,0.7,0.9,0.9,0.7,0.3,1.6,2.3,2.4,2,1.4,3.7,5.6,6.2,6.9,9.5,29.4,45.3,51.7,36.2,21,113.6,113.1,95.8,72.2,40.1,22.6,22.6,118.9,100.4,75.4,42.1,23.8,124.1,106.2,81.5,46.4,26.7,130.9,114.4,90.8,55.2,33.1,135.6,119.3,95.9,60.2,37.2,113.2,22.6
27,0.1,0.2,0.1,0.1,0.1,0.7,0.8,0.9,0.8,0.3,1.5,2.2,2.3,1.8,1.2,3.2,4.7,5.3,5.5,6.4,15.5,26.1,38.6,34.3,20.8,109.3,109.5,93.9,71.5,39.9,22.7,22.5,118.6,100.3,75.1,42.1,23.7,124.3,106.1,81.5,46.4,26.6,131,114.1,90.8,55,33.1,135.6,119.3,95.9,60.2,37.2,108.1,22.6
28,0.1,0.1,0,0.2,0.1,0.8,0.8,0.8,0.8,0.3,1.3,2.1,2.2,1.6,1.1,2.8,4.2,4.5,4.1,4.4,9.4,15.6,24.9,30.8,20.2,99.9,100.6,90.7,70.2,39.7,22.6,22.4,118,99.6,74.8,42.1,23.6,124.1,106,81.4,46.5,26.6,131.1,114.1,90.7,54.8,33.1,135.6,119.2,96,60.1,37.1,98.8,22.5
29,0.1,0,0,0.1,0.1,0.7,0.7,0.8,0.7,0.3,1.2,1.9,2.1,1.5,1,2.4,3.7,4.2,3.6,3.4,6.9,10.6,15.6,25.4,19.2,81.8,83,83.7,68.6,39.3,22.3,22.3,117.1,98.9,74.5,41.8,23.6,123.6,106,81.2,46.4,26.6,131.1,114.2,90.8,55,33.1,135.4,119.1,96.1,60.2,37.1,81.4,22.5
30,0.1,0.1,0,0,0.1,0.6,0.7,0.7,0.7,0.3,1.2,1.6,2,1.4,1,2.1,3.4,3.8,3.1,2.6,5.6,8.3,10.6,18.3,17.7,57.2,56.6,70.5,65.4,38.8,22.4,22.2,116.1,98.1,74.1,41.5,23.5,123.6,106,81.1,46.2,26.6,131.2,114.3,90.9,55.3,33,135.2,119.3,96.1,60.2,37.2,57.5,22.4
31,0.1,0.2,0.1,0.1,0.1,0.6,0.6,0.7,0.7,0.4,1.1,1.5,1.8,1.4,1,2,3.2,3.6,2.9,2.3,4.6,7,8.5,11.9,15.5,31.8,31.7,50.6,58.5,38,22.5,22.1,114.6,97.3,73.6,41.4,23.5,123.8,106,81,46.1,26.5,131.3,114.5,90.8,55.3,33,135.4,119.3,96,60.3,37.2,34,22.2
32,0.1,0.2,0.1,0.1,0.1,0.5,0.6,0.7,0.6,0.4,1,1.4,1.8,1.4,0.9,1.9,2.9,3.4,2.7,2,4,5.9,7.1,8.1,12.5,17.2,17.1,31.1,46.9,37.1,22.3,21.8,110.9,96,72.9,41.2,23.4,123.7,105.9,80.9,46.1,26.4,131.3,114.5,90.8,55.2,33,135.5,119.2,96.1,60.3,37.2,19.6,21.8
33,0.2,0.2,0.1,0,0.1,0.4,0.5,0.7,0.6,0.3,0.9,1.4,1.8,1.4,0.9,1.7,2.7,3.2,2.5,1.9,3.5,5.3,6.2,6.7,9,11.5,10.7,18.3,31.6,35.3,21.8,21.5,103.1,93.4,71.9,41,23.3,123.5,105.6,80.7,46,26.3,131.4,114.4,90.7,55.1,33,135.7,119.1,96.3,60.3,37.2,12.9,21.6
34,0.2,0.2,0.1,0,0.1,0.3,0.5,0.5,0.6,0.3,0.8,1.3,1.7,1.3,0.9,1.6,2.6,3,2.3,1.9,3.3,4.7,5.6,5.2,6.1,8.2,8,12.2,19.6,31.9,21,20.9,87.1,88,70.7,40.7,23.2,123.4,105.3,80.7,45.8,26.3,131.4,114.5,90.6,55,33,135.9,119.4,96.2,60.3,37.2,9.3,21
35,0.2,0.1,0.1,0,0,0.4,0.4,0.3,0.5,0.2,0.8,1.2,1.5,1.2,0.8,1.6,2.5,2.9,2.2,1.7,3,4.4,5.1,4.7,4.5,6.3,6.4,9.5,13.3,26.3,20.3,20.4,62.1,77.5,68.3,40.3,23.1,123.2,105.2,80.6,45.7,26.2,131.5,114.5,90.6,54.9,33,135.9,119.6,96.1,60.1,37.2,7.3,20
36,0.1,0.1,0.1,0.1,0.1,0.4,0.4,0.3,0.4,0.2,0.8,1.1,1.5,1.1,0.8,1.5,2.3,2.7,2.2,1.5,2.8,4.1,4.7,4.2,3.7,5.3,5.5,7.9,10.1,19,19.7,19,36.5,59.6,63.7,40,23.1,123.2,105,80.3,45.7,26.2,131.7,114.7,90.7,54.8,33.1,135.9,119.5,96.2,60,37.3,6.2,18.6
37,0.1,0.1,0.1,0,0.1,0.3,0.4,0.3,0.4,0.2,0.8,1.1,1.4,1.1,0.8,1.3,2.1,2.6,2.1,1.5,2.6,3.8,4.5,3.9,3.3,4.9,4.9,6.9,8.4,12.6,17.7,17.6,19.5,38.2,55.2,39.1,23,123.1,104.9,79.9,45.6,26.2,131.8,114.9,90.7,54.8,33,136,119.5,96.3,60.1,37.3,5.5,16.6
38,0,0.1,0.1,0,0.1,0.3,0.4,0.3,0.4,0.2,0.8,1.2,1.4,1,0.7,1.2,2,2.5,1.9,1.4,2.5,3.6,4.2,3.7,2.9,4.4,4.4,6.3,7.6,8.9,14.7,14.8,12.3,22.7,42.4,38.3,22.8,123,104.7,79.7,45.6,26.1,131.9,114.8,90.7,54.9,33,136,119.6,96.2,60.3,37.4,4.8,13.4
39,0,0.1,0,0,0.1,0.3,0.3,0.3,0.4,0.2,0.7,1.1,1.3,1,0.7,1.1,1.9,2.4,1.9,1.4,2.4,3.3,4,3.4,2.5,4.2,4.1,5.7,6.8,7.4,11.5,11.2,9,14.9,28.5,36.5,22.6,122.9,104.4,79.7,45.5,26,131.9,114.5,90.9,54.9,33,136.4,119.7,96.1,60.2,37.4,4.6,10.1
40,0,0.1,0.1,0.1,0.1,0.3,0.3,0.3,0.3,0.2,0.7,1,1.2,1,0.6,1.1,1.8,2.2,1.9,1.4,2.3,3.1,3.8,3.2,2.3,4,3.8,5.3,6.3,6,8.4,7.8,7.4,11.4,18.2,33.3,22.3,122.8,104.2,79.5,45.3,25.9,131.9,114.6,91.1,54.8,33,136.7,119.8,96.1,60.1,37.3,4.5,7.4
41,0.1,0.1,0.1,0.1,0.1,0.3,0.4,0.3,0.3,0.1,0.7,0.8,1.2,1,0.6,1.1,1.7,2.1,1.8,1.3,2.1,3,3.7,3.1,2.2,3.8,3.6,4.9,5.8,5.4,6,5.7,6.4,9.5,13,28.1,21.7,122.8,104,79.2,45.3,25.9,131.9,114.8,91.1,54.8,33,136.5,119.9,96.2,60.1,37.3,4.3,5.6
42,0.1,0.1,0.1,0.1,0.1,0.4,0.4,0.4,0.3,0.2,0.6,0.7,1.1,0.9,0.6,1.1,1.6,2,1.7,1.2,2,2.9,3.5,3,2.1,3.5,3.4,4.5,5.6,4.8,4.5,4.7,5.7,8.4,10.7,21,20.8,122.5,103.9,79,45.3,25.9,132.1,114.9,91,54.7,33.1,136.2,119.9,96.3,60,37.3,4.1,4.6
43,0.2,0.1,0.1,0,0.2,0.3,0.3,0.4,0.3,0.3,0.6,0.7,1.1,0.9,0.6,1,1.5,2,1.6,1.1,1.9,2.7,3.4,2.9,2,3.2,3.3,4.2,5.3,4.5,3.9,3.8,5.2,7.5,9.3,14.3,19.4,122.2,103.7,78.7,45.1,25.9,132.3,114.9,90.9,54.8,33,136.3,120,96.4,60.1,37.4,4.1,3.9
44,0.2,0.1,0,0,0.2,0.3,0.3,0.3,0.3,0.2,0.6,0.8,1.1,0.9,0.5,0.9,1.4,2,1.5,1,1.9,2.6,3.3,2.8,2,3.1,3.1,4.1,5.1,4.2,3.5,3.5,4.9,6.9,8.3,10.2,17.1,121.4,103.3,78.4,44.8,25.9,132.3,114.9,90.8,54.9,33,136.5,120.2,96.5,60.2,37.4,3.9,3.7
45,0.2,0.1,0,0,0.3,0.3,0.3,0.3,0.3,0.1,0.5,0.8,1,0.9,0.5,0.9,1.3,1.8,1.5,0.9,1.8,2.4,3.1,2.7,2,3.1,2.9,3.9,4.8,4,3.3,3.1,4.6,6.4,7.7,7.9,14,120.4,102.7,78.1,44.6,25.8,132.3,114.9,90.9,54.8,33,136.7,120.4,96.6,60.2,37.4,3.7,3.2
46,0.2,0.1,0.1,0.1,0.3,0.3,0.2,0.3,0.3,0.1,0.4,0.8,1,0.8,0.4,0.8,1.3,1.7,1.5,0.9,1.6,2.2,2.9,2.6,1.9,3,2.8,3.7,4.6,3.8,3.1,3,4.3,5.9,7.1,6.9,10.5,119.5,101.9,77.8,44.5,25.7,132.6,115.2,91,54.8,32.9,137,120.4,96.7,60.2,37.2,3.7,3
47,0.2,0.1,0.1,0.1,0.3,0.2,0.1,0.3,0.2,0.1,0.3,0.7,0.9,0.8,0.4,0.8,1.2,1.6,1.4,0.9,1.5,2.1,2.7,2.5,1.8,2.6,2.6,3.6,4.3,3.7,2.8,2.9,4.1,5.5,6.7,6.4,7.7,116.3,100.7,77.4,44.4,25.6,132.8,115.4,91,54.7,32.9,137.2,120.5,96.9,60.2,37.2,3.6,3
48,0.2,0.2,0.1,0.2,0.2,0.2,0.1,0.4,0.2,0.1,0.3,0.6,0.8,0.8,0.3,0.8,1.2,1.5,1.3,0.9,1.4,2,2.7,2.5,1.7,2.4,2.5,3.4,4.2,3.7,2.7,2.7,3.9,5.2,6.3,5.9,5.8,110.8,99.2,76.8,44.3,25.5,132.8,115.5,90.9,54.6,32.9,137.3,120.5,96.9,60.2,37.2,3.3,2.9
49,0.2,0.2,0.1,0.2,0.2,0.2,0.2,0.4,0.3,0.1,0.4,0.6,0.8,0.7,0.3,0.7,1.1,1.5,1.3,0.9,1.4,2,2.6,2.4,1.6,2.7,2.4,3.3,4,3.5,2.7,2.5,3.7,5,6.1,5.6,4.9,97.4,95.9,76.2,44.1,25.3,132.9,115.4,91,54.6,32.9,137.4,120.5,96.8,60.2,37.2,3.2,2.7
50,0.2,0.1,0.1,0.2,0.2,0.2,0.2,0.4,0.3,0.1,0.4,0.6,0.8,0.6,0.4,0.7,1,1.4,1.3,0.9,1.3,1.9,2.4,2.3,1.6,2.3,2.3,3.1,3.9,3.3,2.7,2.5,3.5,4.8,5.8,5.2,4.4,74.6,90.3,75.2,44,25.3,133,115.4,91,54.6,33,137.5,120.7,96.8,60.2,37.2,3.2,2.7
51,0.2,0.1,0.1,0.2,0.2,0.2,0.2,0.3,0.3,0.2,0.5,0.6,0.7,0.6,0.4,0.6,0.9,1.4,1.2,0.9,1.3,1.8,2.3,2.2,1.5,2.1,2.1,2.9,3.8,3.2,2.6,2.5,3.3,4.5,5.6,5,4,46.1,77.8,73.3,43.7,25.2,133,115.3,91.1,54.6,32.9,137.6,120.8,97,60.3,37.2,2.9,2.6
52,0.2,0.1,0,0.1,0.2,0.2,0.2,0.3,0.2,0.1,0.4,0.6,0.7,0.6,0.4,0.6,0.8,1.3,1.1,0.9,1.2,1.7,2.2,2.1,1.5,2,2.1,2.6,3.5,3,2.4,2.3,3.2,4.3,5.3,4.8,3.7,25,59,70.3,43.3,25.1,132.9,115.3,91.1,54.6,32.8,137.6,120.8,96.9,60.4,37.3,2.8,2.6
53,0.1,0.1,0,0.1,0.1,0.2,0.3,0.2,0.2,0.1,0.3,0.6,0.7,0.6,0.4,0.6,0.8,1.2,1,0.7,1.2,1.6,2.1,2,1.4,2.1,2,2.5,3.3,3,2.3,2.2,3.1,4,5,4.6,3.5,15.9,38.4,64.2,42.9,25.1,132.9,115.3,91.1,54.7,32.8,137.8,120.8,96.8,60.4,37.3,2.9,2.5
54,0.1,0.1,0.1,0,0.2,0.2,0.3,0.2,0.2,0.1,0.3,0.6,0.7,0.6,0.4,0.6,0.7,1.1,0.9,0.6,1.1,1.5,2,2,1.4,2.2,2,2.4,3.2,2.9,2.3,2.2,3,3.8,4.8,4.5,3.3,11.5,23.1,54,42.4,25,133.1,115.3,91.1,54.7,32.8,138,120.8,96.9,60.4,37.2,2.9,2.3
55,0.1,0,0,0,0.3,0.1,0.2,0.3,0.1,0,0.3,0.6,0.7,0.5,0.3,0.5,0.7,1.1,0.9,0.7,1.1,1.4,1.9,2,1.4,2,1.8,2.3,3.1,2.8,2.3,2.2,2.9,3.7,4.6,4.3,3.2,9.5,16.5,38.6,41.8,24.9,133.2,115.3,91.1,54.7,32.8,137.8,120.8,97.1,60.4,37.3,3,2.3
56,,,,0.1,0.2,0.1,0.2,0.2,0.1,0.1,0.4,0.6,0.6,0.5,0.3,0.5,0.7,1,0.9,0.7,1.1,1.2,1.9,2,1.4,2.1,1.8,2.1,2.9,2.7,2.3,2.2,2.8,3.5,4.5,4.1,3.1,8.4,13,25.2,41.1,24.7,133,115.4,91.1,54.6,32.9,137.7,120.8,97.1,60.3,37.4,2.6,2.1
57,,,,,,0.1,0.2,0.2,0.1,0.2,0.4,0.5,0.6,0.5,0.3,0.5,0.7,0.9,0.9,0.7,1.1,1.3,1.9,1.9,1.3,1.8,1.7,2,2.8,2.6,2.1,2.1,2.7,3.3,4.4,4,3,7.5,11.3,17.7,39.3,24.5,132.9,115.6,91.1,54.6,32.8,137.8,120.8,96.9,60.4,37.4,2.5,2.1
58,,,,,,0.1,0.2,0.2,0.1,0.1,0.4,0.4,0.5,0.5,0.3,0.5,0.7,0.8,0.9,0.7,1,1.2,1.8,1.8,1.2,1.6,1.7,2,2.8,2.6,2,2,2.6,3.2,4.2,3.9,2.9,6.9,10.1,14,36.1,24.3,133.1,115.5,90.9,54.5,32.8,137.8,121,97,60.6,37.3,2.4,2.1
59,,,,,,0.1,0.2,0.2,0.1,0.1,0.4,0.4,0.4,0.5,0.3,0.5,0.8,0.8,0.8,0.6,1,1.2,1.7,1.6,1.1,1.6,1.6,2,2.7,2.5,2.1,2,2.4,3.1,4,3.8,2.8,6.5,9.3,12,31.4,24,133.2,115.3,90.8,54.5,32.7,137.9,121.1,97.1,60.5,37.2,2.3,2
60,,,,,,0.1,0.1,0.2,0.1,0.1,0.4,0.4,0.4,0.4,0.2,0.5,0.7,0.8,0.8,0.6,0.9,1.1,1.7,1.5,1.1,1.6,1.6,1.9,2.6,2.4,1.9,1.9,2.2,3,3.9,3.7,2.8,6.1,8.5,11,24.2,23.6,133.1,115.4,90.7,54.4,32.7,138,121.2,97.2,60.4,37.2,2.2,2
61,,,,,,,,0.2,0.2,0.1,0.3,0.4,0.4,0.4,0.2,0.5,0.6,0.8,0.8,0.5,0.8,1.2,1.6,1.5,1.1,1.4,1.5,1.8,2.5,2.2,1.9,1.9,2.1,2.9,3.8,3.6,2.7,5.9,8,10.1,17.4,23,133.1,115.5,90.7,54.4,32.7,138,121.3,97.3,60.5,37.1,2.3,1.9
62,,,,,,,,,0.2,0.1,0.4,0.4,0.4,0.4,0.2,0.5,0.6,0.8,0.8,0.5,0.8,1.2,1.6,1.5,1.1,1.6,1.5,1.8,2.4,2.1,2.1,1.8,2.1,2.8,3.6,3.5,2.7,5.6,7.6,9.5,12.9,22.1,133.2,115.4,90.7,54.4,32.7,138.1,121.2,97.2,60.6,37.1,2.1,1.9
63,,,,,,,,,,0.2,0.4,0.4,0.5,0.4,0.2,0.4,0.6,0.7,0.9,0.5,0.8,1.1,1.6,1.4,1,1.6,1.3,1.7,2.3,2.1,2.1,1.8,2.1,2.7,3.3,3.2,2.6,5.3,7.3,9,10.5,20.3,133.3,115.3,90.7,54.4,32.6,138.2,121.1,97.1,60.6,37.2,2.1,1.8
64,,,,,,,,,,,0.3,0.4,0.5,0.5,0.2,0.4,0.6,0.6,0.9,0.5,0.8,1.1,1.5,1.4,1,1.5,1.3,1.6,2.2,2.1,1.9,1.7,1.9,2.6,3.2,3,2.5,5.1,6.9,8.5,9.2,18,133.2,115.2,90.7,54.3,32.5,138.4,121.1,97.1,60.6,37.4,2.2,1.8
65,,,,,,,,,,,0.3,0.4,0.5,0.5,0.2,0.4,0.6,0.7,0.8,0.5,0.8,1.1,1.4,1.3,1,1.4,1.2,1.5,2.1,2,1.9,1.6,1.8,2.5,3.2,3,2.4,4.9,6.6,8.1,8.5,14.5,133.1,115.2,90.7,54.2,32.5,138.3,121.2,97.1,60.4,37.3,2.1,1.7
66,,,,,,,,,,,,,0.4,0.5,0.2,0.4,0.5,0.7,0.7,0.5,0.8,1.1,1.4,1.3,1,1.2,1.2,1.5,2.1,1.9,1.9,1.6,1.8,2.4,3.1,3,2.3,4.7,6.3,7.8,8,10.7,132.8,115.2,90.7,54,32.4,138.2,121.3,97.1,60.3,37.2,1.8,1.8
67,,,,,,,,,,,,,,0.5,0.2,0.4,0.4,0.7,0.7,0.5,0.8,1,1.4,1.2,1,1.4,1.1,1.4,2.1,1.8,1.8,1.6,1.7,2.4,3,2.9,2.3,4.5,6,7.4,7.6,8.3,132.7,115.2,90.5,53.9,32.4,138.2,121.4,97.1,60.4,37.2,2,1.7
68,,,,,,,,,,,,,,0.4,0.1,0.4,0.5,0.7,0.6,0.4,0.8,1,1.4,1.2,1,1.3,1.1,1.4,2,1.7,1.7,1.5,1.6,2.3,2.9,2.9,2.3,4.4,5.7,7.2,7.3,7.1,132.9,115.2,90.2,53.9,32.3,138.1,121.2,97,60.5,37.2,1.9,1.6
69,,,,,,,,,,,,,,,0.1,0.3,0.6,0.6,0.6,0.5,0.8,0.9,1.3,1.2,1,1.2,1.1,1.4,1.9,1.7,1.6,1.4,1.6,2.2,2.8,2.8,2.2,4.2,5.5,6.9,7,6,133,115.2,90.2,53.9,32.3,138.3,121.1,97,60.3,37.2,1.8,1.6
70,,,,,,,,,,,,,,,,0.3,0.5,0.6,0.6,0.5,0.8,0.8,1.3,1.1,1,1.1,1.1,1.4,1.8,1.7,1.7,1.3,1.5,2.2,2.7,2.7,2.1,4.1,5.3,6.7,6.7,5.6,132.7,115.1,90.1,53.9,32.4,138.5,121.3,96.9,59.9,37.2,1.7,1.9
71,,,,,,,,,,,,,,,,,0.5,0.5,0.6,0.5,0.8,0.8,1.2,1.1,1,1.1,1.2,1.3,1.7,1.6,1.6,1.3,1.5,2.1,2.6,2.6,2,4,5.1,6.5,6.5,5.3,132.6,115.1,90.1,53.9,32.3,138.5,121.4,96.7,60,37.1,1.6,2.1
72,,,,,,,,,,,,,,,,,,0.5,0.5,0.4,0.8,0.7,1.2,1.1,0.9,1.1,1.2,1.2,1.7,1.6,1.5,1.2,1.4,2,2.5,2.5,1.9,3.9,4.9,6.3,6.3,5.1,132.8,115.1,90.1,53.7,32.2,138.5,121.3,96.8,60.2,37,1.6,1.6
73,,,,,,,,,,,,,,,,,,,0.5,0.4,0.8,0.7,1.1,1,0.9,1.1,1.1,1.2,1.7,1.5,1.6,1.2,1.4,1.8,2.4,2.4,1.9,3.8,4.7,6.1,6.1,4.8,132.9,115.1,90,53.6,32.2,138.5,121.2,96.9,60.2,37.1,1.6,1.7
74,,,,,,,,,,,,,,,,,,,0.5,0.4,0.7,0.7,1.1,1,0.8,1,1,1.1,1.6,1.4,1.6,1.2,1.4,1.8,2.3,2.3,2,3.6,4.6,5.9,5.9,4.7,132.8,114.9,89.9,53.4,32.2,138.4,121.2,96.9,60.2,37.2,1.5,1.7
75,,,,,,,,,,,,,,,,,,,,0.4,0.6,0.6,1.1,1,0.8,0.9,0.9,1.2,1.6,1.4,1.4,1.2,1.4,1.8,2.3,2.3,1.9,3.4,4.4,5.7,5.7,4.5,132.8,114.6,89.6,53.4,32.2,138.8,121.2,96.9,60.1,37.1,1.4,1.5
76,,,,,,,,,,,,,,,,,,,,0.3,,0.7,1.1,1,0.8,0.8,0.9,1.2,1.5,1.4,1.4,1.2,1.4,1.8,2.2,2.2,1.8,3.3,4.3,5.5,5.5,4.4,133,114.6,89.4,53.3,32.1,139,121.2,96.9,60,36.9,1.4,1.5
77,,,,,,,,,,,,,,,,,,,,,,,1.1,1,0.8,0.9,0.9,1.2,1.5,1.3,1.2,1.2,1.4,1.8,2,2.1,1.7,3.1,4.1,5.2,5.4,4.3,133,114.5,89.3,53.4,32,138.7,121.2,97,59.9,36.9,1.5,1.9
78,,,,,,,,,,,,,,,,,,,,,,,,1,0.8,1,0.9,1.1,1.5,1.2,1.3,1.1,1.3,1.8,1.9,2,1.6,3,4,5.1,5.4,4.2,132.8,114.5,89.2,53.4,31.9,138.4,121.3,97,59.9,36.9,1.2,1.5
79,,,,,,,,,,,,,,,,,,,,,,,,0.9,0.7,1.1,0.9,1,1.5,1.2,1.4,1.1,1.2,1.7,1.9,2,1.6,3,3.8,4.9,5.1,4.1,132.7,114.4,89.1,53.3,31.9,138.6,121.3,97,59.9,36.8,1.3,1.4
80,,,,,,,,,,,,,,,,,,,,,,,,0.9,0.7,1,0.8,0.9,1.4,1.2,1.4,1.1,1.1,1.7,1.9,2,1.7,3,3.7,4.8,4.9,4,132.9,114.2,89.1,53.1,32,138.7,121.3,96.9,59.9,36.6,1.4,1.4
81,,,,,,,,,,,,,,,,,,,,,,,,,0.8,,,0.9,1.4,1.2,1.1,1,1.1,1.7,1.9,1.9,1.7,2.9,3.6,4.6,4.8,3.8,133,114,88.9,53,31.9,139,121.3,96.8,59.9,36.7,,1.5
82,,,,,,,,,,,,,,,,,,,,,,,,,0.8,,,,1.3,1.2,1.3,1,1.2,1.6,1.8,1.9,1.7,2.8,3.5,4.4,4.8,3.7,132.9,113.8,88.8,52.9,31.8,139.2,121.4,96.7,60,36.7,,1.5
83,,,,,,,,,,,,,,,,,,,,,,,,,,,,,1.2,1.2,1.1,0.9,1.2,1.5,1.7,1.8,1.6,2.7,3.4,4.2,4.6,3.7,132.7,113.7,88.7,52.9,31.7,139,121.4,96.7,59.9,36.8,,1.2
84,,,,,,,,,,,,,,,,,,,,,,,,,,,,,,1.1,1.2,0.9,1.1,1.4,1.6,1.7,1.5,2.6,3.3,4.2,4.5,3.7,132.5,113.6,88.6,52.9,31.7,138.8,121.3,96.7,59.9,36.8,,1.3
85,,,,,,,,,,,,,,,,,,,,,,,,,,,,,,1.1,1.3,0.9,1.1,1.3,1.6,1.7,1.5,2.5,3.2,4.1,4.4,3.6,132.3,113.4,88.4,52.6,31.7,139,121.2,96.7,59.9,36.7,,1.2
86,,,,,,,,,,,,,,,,,,,,,,,,,,,,,,1.1,1.2,0.9,,1.3,1.5,1.6,1.6,2.5,3.1,4,4.3,3.6,132.4,113.3,88.3,52.3,31.7,139.2,121.3,96.8,59.9,36.7,,1.1
87,,,,,,,,,,,,,,,,,,,,,,,,,,,,,,,0.8,0.8,,,1.5,1.6,1.6,2.4,3,3.9,4.2,3.4,132.3,113.3,88.2,52.2,31.6,139.1,121.3,96.8,59.9,36.6,,1
88,,,,,,,,,,,,,,,,,,,,,,,,,,,,,,,1,0.8,,,1.5,1.5,1.6,2.4,2.9,3.7,4.1,3.4,131.8,113.2,88,52.2,31.5,138.9,121.4,96.8,59.9,36.6,,1
89,,,,,,,,,,,,,,,,,,,,,,,,,,,,,,,0.9,0.8,,,,1.6,1.5,2.3,2.8,3.5,4,3.3,131.4,113.1,87.7,52.1,31.5,138.7,121.4,96.9,59.9,36.6,,
90,,,,,,,,,,,,,,,,,,,,,,,,,,,,,,,,,,,,1.6,1.3,2.2,2.7,3.4,4,3.3,131.4,112.8,87.5,52.1,31.6,138.6,121.6,96.9,59.9,36.7,,
91,,,,,,,,,,,,,,,,,,,,,,,,,,,,,,,,,,,,1.6,1.3,2.1,2.7,3.4,3.9,3.3,131.3,112.5,87.3,52,31.4,138.8,121.6,96.8,59.8,36.6,,
92,,,,,,,,,,,,,,,,,,,,,,,,,,,,,,,,,,,,1.5,1.3,2.1,2.7,3.3,3.8,3.2,131,112.2,87.1,51.9,31.2,139.1,121.6,96.7,59.6,36.6,,
93,,,,,,,,,,,,,,,,,,,,,,,,,,,,,,,,,,,,,1.3,2.1,2.6,3.2,3.7,3.2,130.6,111.8,86.9,51.8,31.2,138.9,121.5,96.7,59.6,36.5,,
94,,,,,,,,,,,,,,,,,,,,,,,,,,,,,,,,,,,,,1.3,2.1,2.6,3.1,3.6,3.1,129.9,111.4,86.8,51.7,31.1,138.7,121.5,96.6,59.5,36.4,,
95,,,,,,,,,,,,,,,,,,,,,,,,,,,,,,,,,,,,,1.3,2.1,2.5,3,3.5,2.9,129.2,111.1,86.5,51.5,31,139,121.5,96.6,59.5,36.5,,
96,,,,,,,,,,,,,,,,,,,,,,,,,,,,,,,,,,,,,,1.9,2.3,3,3.5,2.9,128.3,110.5,86.2,51.3,30.8,139.2,121.4,96.5,59.5,36.5,,
97,,,,,,,,,,,,,,,,,,,,,,,,,,,,,,,,,,,,,,1.8,2.2,3,3.4,2.9,127.2,109.9,85.8,51.1,30.7,139,121.4,96.4,59.4,36.5,,
98,,,,,,,,,,,,,,,,,,,,,,,,,,,,,,,,,,,,,,1.7,2.2,2.9,3.3,2.8,124.3,109.1,85.4,50.9,30.7,139,121.3,96.5,59.3,36.5,,
99,,,,,,,,,,,,,,,,,,,,,,,,,,,,,,,,,,,,,,1.7,2.1,2.9,3.2,2.6,118.6,108.3,85.1,50.8,30.7,139.2,121.3,96.6,59.3,36.4,,
100,,,,,,,,,,,,,,,,,,,,,,,,,,,,,,,,,,,,,,1.7,2.1,2.7,3.2,2.6,104.3,107.4,84.7,50.6,30.6,139.4,121.5,96.5,59.2,36.4,,
101,,,,,,,,,,,,,,,,,,,,,,,,,,,,,,,,,,,,,,,2,2.6,3.1,2.5,81.1,105.5,84.2,50.5,30.5,139.3,121.5,96.4,59.1,36.3,,
102,,,,,,,,,,,,,,,,,,,,,,,,,,,,,,,,,,,,,,,2,2.5,3,2.5,52.4,102.2,83.7,50.4,30.5,139.2,121.4,96.3,59,36.2,,
103,,,,,,,,,,,,,,,,,,,,,,,,,,,,,,,,,,,,,,,,2.4,3,2.5,30.1,95.2,83.1,50.2,30.4,139.2,121.2,96.1,59,36.1,,
104,,,,,,,,,,,,,,,,,,,,,,,,,,,,,,,,,,,,,,,,2.4,2.9,2.4,20.6,81.2,82.4,50.1,30.4,139.2,121.2,96.1,59,36.1,,
105,,,,,,,,,,,,,,,,,,,,,,,,,,,,,,,,,,,,,,,,2.5,2.8,2.3,16,58.6,81.4,49.8,30.3,139.2,121.2,96.2,58.9,36.1,,
106,,,,,,,,,,,,,,,,,,,,,,,,,,,,,,,,,,,,,,,,,2.7,2.3,14.1,37.3,79.7,49.6,30.1,139.3,121.1,96.1,58.9,36.2,,
107,,,,,,,,,,,,,,,,,,,,,,,,,,,,,,,,,,,,,,,,,2.6,2.3,12.8,25.4,77.4,49.4,30,139.4,121,96,58.8,36.1,,
108,,,,,,,,,,,,,,,,,,,,,,,,,,,,,,,,,,,,,,,,,2.6,2.3,11.8,19.6,72,49.2,29.9,139.6,121.1,96,58.7,36,,
109,,,,,,,,,,,,,,,,,,,,,,,,,,,,,,,,,,,,,,,,,2.6,2.3,11.1,17,62.6,48.9,29.7,139.4,121.2,96,58.7,35.9,,
110,,,,,,,,,,,,,,,,,,,,,,,,,,,,,,,,,,,,,,,,,2.6,2.2,10.8,15.6,47.4,48.6,29.6,139.3,121.3,96,58.6,35.9,,
111,,,,,,,,,,,,,,,,,,,,,,,,,,,,,,,,,,,,,,,,,,2.1,10.5,14.3,33,48.4,29.5,139.4,121.3,95.9,58.6,35.9,,
112,,,,,,,,,,,,,,,,,,,,,,,,,,,,,,,,,,,,,,,,,,2.1,10.1,13.6,24.1,48.3,29.4,139.5,121.2,95.8,58.6,35.8,,
113,,,,,,,,,,,,,,,,,,,,,,,,,,,,,,,,,,,,,,,,,,2,9.8,12.9,19.6,47.7,29.3,139.4,121.1,95.7,58.5,35.8,,
114,,,,,,,,,,,,,,,,,,,,,,,,,,,,,,,,,,,,,,,,,,2.1,9.5,12.3,17.3,47.1,29.2,139.4,120.9,95.6,58.5,35.7,,
115,,,,,,,,,,,,,,,,,,,,,,,,,,,,,,,,,,,,,,,,,,2.2,9.2,11.8,16.1,46.3,29.1,139.3,120.7,95.5,58.4,35.7,,
116,,,,,,,,,,,,,,,,,,,,,,,,,,,,,,,,,,,,,,,,,,,9.1,11.4,15.1,45.6,29,139.3,120.7,95.5,58.2,35.7,,
117,,,,,,,,,,,,,,,,,,,,,,,,,,,,,,,,,,,,,,,,,,,8.9,11.1,14.4,44.3,28.8,139.4,120.7,95.4,58.2,35.7,,
118,,,,,,,,,,,,,,,,,,,,,,,,,,,,,,,,,,,,,,,,,,,8.6,10.7,13.8,41.5,28.6,139.4,120.6,95.4,58.2,35.7,,
119,,,,,,,,,,,,,,,,,,,,,,,,,,,,,,,,,,,,,,,,,,,8.4,10.4,13.3,37.3,28.5,139.4,120.6,95.5,58.1,35.6,,
120,,,,,,,,,,,,,,,,,,,,,,,,,,,,,,,,,,,,,,,,,,,8.1,10.2,12.8,30.5,28.4,139.3,120.6,95.2,58,35.5,,
121,,,,,,,,,,,,,,,,,,,,,,,,,,,,,,,,,,,,,,,,,,,7.9,10,12.5,23.1,28.3,139.3,120.6,94.9,57.9,35.4,,
122,,,,,,,,,,,,,,,,,,,,,,,,,,,,,,,,,,,,,,,,,,,7.6,9.7,12.3,18,28.1,139.2,120.6,94.8,57.8,35.3,,
123,,,,,,,,,,,,,,,,,,,,,,,,,,,,,,,,,,,,,,,,,,,7.4,9.4,11.9,15.2,27.9,139.2,120.6,94.8,57.7,35.4,,
124,,,,,,,,,,,,,,,,,,,,,,,,,,,,,,,,,,,,,,,,,,,7.1,9.1,11.6,13.6,27.7,139.2,120.4,94.8,57.7,35.4,,
125,,,,,,,,,,,,,,,,,,,,,,,,,,,,,,,,,,,,,,,,,,,6.9,8.8,11.3,12.7,27.2,139.1,120.3,94.6,57.7,35.3,,
126,,,,,,,,,,,,,,,,,,,,,,,,,,,,,,,,,,,,,,,,,,,6.8,8.6,11.1,11.9,26.6,139,120.2,94.5,57.6,35.2,,
127,,,,,,,,,,,,,,,,,,,,,,,,,,,,,,,,,,,,,,,,,,,6.8,8.3,10.7,11.6,25.6,139,120.2,94.4,57.4,35.1,,
128,,,,,,,,,,,,,,,,,,,,,,,,,,,,,,,,,,,,,,,,,,,6.7,8.2,10.4,11.4,24.4,139,120,94.4,57.3,35.1,,
129,,,,,,,,,,,,,,,,,,,,,,,,,,,,,,,,,,,,,,,,,,,6.5,8,10.1,11.1,22.1,139,119.9,94.3,57.2,35.1,,
130,,,,,,,,,,,,,,,,,,,,,,,,,,,,,,,,,,,,,,,,,,,6.3,7.7,9.9,10.8,18.6,139,119.8,94.2,57.1,35,,
131,,,,,,,,,,,,,,,,,,,,,,,,,,,,,,,,,,,,,,,,,,,6.1,7.4,9.7,10.6,14.9,139.1,119.7,94.1,56.9,34.9,,
132,,,,,,,,,,,,,,,,,,,,,,,,,,,,,,,,,,,,,,,,,,,6.1,7.2,9.5,10.4,12.2,139.2,119.7,93.9,56.6,34.8,,
133,,,,,,,,,,,,,,,,,,,,,,,,,,,,,,,,,,,,,,,,,,,5.9,7.1,9.2,10.2,10.8,138.9,119.6,93.8,56.7,34.7,,
134,,,,,,,,,,,,,,,,,,,,,,,,,,,,,,,,,,,,,,,,,,,5.8,7,8.9,10,9.5,138.6,119.3,93.6,56.9,34.6,,
135,,,,,,,,,,,,,,,,,,,,,,,,,,,,,,,,,,,,,,,,,,,5.6,6.9,8.7,9.8,9.1,138.6,119.1,93.3,56.7,34.6,,
136,,,,,,,,,,,,,,,,,,,,,,,,,,,,,,,,,,,,,,,,,,,5.5,6.8,8.5,9.5,8.7,138.6,118.9,93.1,56.3,34.7,,
137,,,,,,,,,,,,,,,,,,,,,,,,,,,,,,,,,,,,,,,,,,,5.4,6.7,8.4,9.4,8.4,138.4,118.8,93,56.3,34.7,,
138,,,,,,,,,,,,,,,,,,,,,,,,,,,,,,,,,,,,,,,,,,,5.3,6.5,8.2,9.3,8.2,138.3,118.7,92.9,56.4,34.6,,
139,,,,,,,,,,,,,,,,,,,,,,,,,,,,,,,,,,,,,,,,,,,5.2,6.2,8.1,9.1,8,138,118.7,92.8,56.2,34.5,,
140,,,,,,,,,,,,,,,,,,,,,,,,,,,,,,,,,,,,,,,,,,,5,6.1,7.9,8.9,7.7,137.7,118.8,92.6,56.1,34.4,,
141,,,,,,,,,,,,,,,,,,,,,,,,,,,,,,,,,,,,,,,,,,,4.9,6.1,7.7,8.7,7.6,137.6,118.8,92.2,55.9,34.3,,
142,,,,,,,,,,,,,,,,,,,,,,,,,,,,,,,,,,,,,,,,,,,4.8,5.9,7.5,8.5,7.6,137.5,118.5,92.1,55.8,34.3,,
143,,,,,,,,,,,,,,,,,,,,,,,,,,,,,,,,,,,,,,,,,,,4.7,5.8,7.3,8.4,7.4,137.3,118.2,92,55.7,34.1,,
144,,,,,,,,,,,,,,,,,,,,,,,,,,,,,,,,,,,,,,,,,,,4.6,5.7,7.2,8.3,7.3,137.1,117.7,91.8,55.7,33.9,,
145,,,,,,,,,,,,,,,,,,,,,,,,,,,,,,,,,,,,,,,,,,,4.5,5.6,7,8,7.1,136.4,117.2,91.6,55.6,34,,
146,,,,,,,,,,,,,,,,,,,,,,,,,,,,,,,,,,,,,,,,,,,4.4,5.4,6.9,7.8,7,135.7,116.9,91.4,55.5,34.1,,
147,,,,,,,,,,,,,,,,,,,,,,,,,,,,,,,,,,,,,,,,,,,4.4,5.2,6.7,7.7,6.9,134.5,116.7,91.3,55.4,34.1,,
148,,,,,,,,,,,,,,,,,,,,,,,,,,,,,,,,,,,,,,,,,,,4.3,5.1,6.6,7.7,6.8,133.1,116.4,91.1,55.3,33.9,,
149,,,,,,,,,,,,,,,,,,,,,,,,,,,,,,,,,,,,,,,,,,,4.2,5.1,6.5,7.6,6.7,129.5,116,90.8,55.1,33.9,,
150,,,,,,,,,,,,,,,,,,,,,,,,,,,,,,,,,,,,,,,,,,,4.2,5,6.4,7.4,6.7,123.4,115.2,90.6,54.8,33.8,,
151,,,,,,,,,,,,,,,,,,,,,,,,,,,,,,,,,,,,,,,,,,,4.2,4.9,6.3,7.3,6.5,106.2,114.4,90.4,54.7,33.7,,
152,,,,,,,,,,,,,,,,,,,,,,,,,,,,,,,,,,,,,,,,,,,,4.9,6.1,7.1,6.4,79.3,113.3,90,54.7,33.7,,
153,,,,,,,,,,,,,,,,,,,,,,,,,,,,,,,,,,,,,,,,,,,,4.8,6,7,6.3,50.2,111.9,89.5,54.5,33.6,,
154,,,,,,,,,,,,,,,,,,,,,,,,,,,,,,,,,,,,,,,,,,,,4.7,5.7,6.8,6.2,30.1,109,89.1,54.2,33.5,,
155,,,,,,,,,,,,,,,,,,,,,,,,,,,,,,,,,,,,,,,,,,,,4.6,5.7,6.7,6.1,22.2,104.3,88.7,54.2,33.4,,
156,,,,,,,,,,,,,,,,,,,,,,,,,,,,,,,,,,,,,,,,,,,,,5.7,6.5,6.2,18.7,92.9,88.3,54.2,33.4,,
157,,,,,,,,,,,,,,,,,,,,,,,,,,,,,,,,,,,,,,,,,,,,,5.7,6.5,6,16.9,74.9,88,54,33.4,,
158,,,,,,,,,,,,,,,,,,,,,,,,,,,,,,,,,,,,,,,,,,,,,5.6,6.5,5.8,15.8,52.4,87.3,53.6,33.3,,
159,,,,,,,,,,,,,,,,,,,,,,,,,,,,,,,,,,,,,,,,,,,,,5.5,6.4,5.8,15.1,34.1,86.5,53.5,33.2,,
160,,,,,,,,,,,,,,,,,,,,,,,,,,,,,,,,,,,,,,,,,,,,,5.4,6.4,5.8,14.5,25.6,85.2,53.3,33,,
161,,,,,,,,,,,,,,,,,,,,,,,,,,,,,,,,,,,,,,,,,,,,,,6.2,5.8,14,21.6,83.7,53.1,32.9,,
162,,,,,,,,,,,,,,,,,,,,,,,,,,,,,,,,,,,,,,,,,,,,,,6,5.8,13.5,19.7,81.4,52.8,32.9,,
163,,,,,,,,,,,,,,,,,,,,,,,,,,,,,,,,,,,,,,,,,,,,,,5.9,5.7,13.2,18.4,75.9,52.8,32.8,,
164,,,,,,,,,,,,,,,,,,,,,,,,,,,,,,,,,,,,,,,,,,,,,,5.8,5.6,12.9,17.5,66.4,52.8,32.7,,
165,,,,,,,,,,,,,,,,,,,,,,,,,,,,,,,,,,,,,,,,,,,,,,5.7,5.5,12.6,16.7,51.2,52.6,32.7,,
166,,,,,,,,,,,,,,,,,,,,,,,,,,,,,,,,,,,,,,,,,,,,,,5.7,5.4,12.2,16.1,36.7,52.3,32.6,,
167,,,,,,,,,,,,,,,,,,,,,,,,,,,,,,,,,,,,,,,,,,,,,,5.6,5.3,12.1,15.6,27.6,52,32.4,,
168,,,,,,,,,,,,,,,,,,,,,,,,,,,,,,,,,,,,,,,,,,,,,,5.5,5.2,12,15.2,22.9,51.8,32.3,,
169,,,,,,,,,,,,,,,,,,,,,,,,,,,,,,,,,,,,,,,,,,,,,,5.4,5.2,11.6,14.9,20.9,51.5,32.2,,
170,,,,,,,,,,,,,,,,,,,,,,,,,,,,,,,,,,,,,,,,,,,,,,5.3,5.2,11.3,14.5,19.8,51.3,32.2,,
171,,,,,,,,,,,,,,,,,,,,,,,,,,,,,,,,,,,,,,,,,,,,,,,5.1,11.2,14.1,18.7,50.9,32.1,,
172,,,,,,,,,,,,,,,,,,,,,,,,,,,,,,,,,,,,,,,,,,,,,,,5,11,13.8,18,50.5,31.9,,
173,,,,,,,,,,,,,,,,,,,,,,,,,,,,,,,,,,,,,,,,,,,,,,,4.9,10.9,13.5,17.4,50.2,31.9,,
174,,,,,,,,,,,,,,,,,,,,,,,,,,,,,,,,,,,,,,,,,,,,,,,4.7,10.7,13.2,16.9,50,31.8,,
175,,,,,,,,,,,,,,,,,,,,,,,,,,,,,,,,,,,,,,,,,,,,,,,4.7,10.5,13,16.5,49.1,31.7,,
176,,,,,,,,,,,,,,,,,,,,,,,,,,,,,,,,,,,,,,,,,,,,,,,4.7,10.2,12.7,16.1,48.2,31.5,,
177,,,,,,,,,,,,,,,,,,,,,,,,,,,,,,,,,,,,,,,,,,,,,,,4.7,10.1,12.4,15.7,47,31.3,,
178,,,,,,,,,,,,,,,,,,,,,,,,,,,,,,,,,,,,,,,,,,,,,,,4.6,9.9,12.1,15.3,44.2,31.1,,
179,,,,,,,,,,,,,,,,,,,,,,,,,,,,,,,,,,,,,,,,,,,,,,,4.5,9.7,11.8,15,39.9,31,,
180,,,,,,,,,,,,,,,,,,,,,,,,,,,,,,,,,,,,,,,,,,,,,,,4.4,9.5,11.6,14.7,33,31,,
181,,,,,,,,,,,,,,,,,,,,,,,,,,,,,,,,,,,,,,,,,,,,,,,,9.3,11.4,14.5,26,30.8,,
182,,,,,,,,,,,,,,,,,,,,,,,,,,,,,,,,,,,,,,,,,,,,,,,,9.1,11.2,14.2,20.9,30.6,,
183,,,,,,,,,,,,,,,,,,,,,,,,,,,,,,,,,,,,,,,,,,,,,,,,8.9,11,13.9,17.7,30.5,,
184,,,,,,,,,,,,,,,,,,,,,,,,,,,,,,,,,,,,,,,,,,,,,,,,8.7,10.8,13.7,16.4,30.4,,
185,,,,,,,,,,,,,,,,,,,,,,,,,,,,,,,,,,,,,,,,,,,,,,,,8.7,10.6,13.4,15.6,30.3,,
186,,,,,,,,,,,,,,,,,,,,,,,,,,,,,,,,,,,,,,,,,,,,,,,,8.6,10.3,13.1,14.9,30.1,,
187,,,,,,,,,,,,,,,,,,,,,,,,,,,,,,,,,,,,,,,,,,,,,,,,8.4,10.1,12.8,14.5,29.9,,
188,,,,,,,,,,,,,,,,,,,,,,,,,,,,,,,,,,,,,,,,,,,,,,,,8.3,10,12.6,14.1,29.7,,
189,,,,,,,,,,,,,,,,,,,,,,,,,,,,,,,,,,,,,,,,,,,,,,,,8.2,9.8,12.4,13.8,29.4,,
190,,,,,,,,,,,,,,,,,,,,,,,,,,,,,,,,,,,,,,,,,,,,,,,,8.1,9.7,12.1,13.6,29.2,,
191,,,,,,,,,,,,,,,,,,,,,,,,,,,,,,,,,,,,,,,,,,,,,,,,7.9,9.5,11.8,13.4,28.4,,
192,,,,,,,,,,,,,,,,,,,,,,,,,,,,,,,,,,,,,,,,,,,,,,,,7.8,9.4,11.6,13.2,27.6,,
193,,,,,,,,,,,,,,,,,,,,,,,,,,,,,,,,,,,,,,,,,,,,,,,,7.7,9.2,11.3,13,26.2,,
194,,,,,,,,,,,,,,,,,,,,,,,,,,,,,,,,,,,,,,,,,,,,,,,,7.6,9,11.1,12.8,23.9,,
195,,,,,,,,,,,,,,,,,,,,,,,,,,,,,,,,,,,,,,,,,,,,,,,,7.4,8.9,11,12.5,20.6,,
196,,,,,,,,,,,,,,,,,,,,,,,,,,,,,,,,,,,,,,,,,,,,,,,,7.3,8.7,10.8,12.3,17.1,,
197,,,,,,,,,,,,,,,,,,,,,,,,,,,,,,,,,,,,,,,,,,,,,,,,7.2,8.5,10.6,12,14.4,,
198,,,,,,,,,,,,,,,,,,,,,,,,,,,,,,,,,,,,,,,,,,,,,,,,7.2,8.4,10.5,11.7,12.7,,
199,,,,,,,,,,,,,,,,,,,,,,,,,,,,,,,,,,,,,,,,,,,,,,,,7.1,8.2,10.4,11.6,12,,
200,,,,,,,,,,,,,,,,,,,,,,,,,,,,,,,,,,,,,,,,,,,,,,,,7.1,8,10.2,11.5,11.4,,
201,,,,,,,,,,,,,,,,,,,,,,,,,,,,,,,,,,,,,,,,,,,,,,,,6.9,7.8,10,11.3,11.1,,
202,,,,,,,,,,,,,,,,,,,,,,,,,,,,,,,,,,,,,,,,,,,,,,,,6.7,7.8,9.8,11.1,10.8,,
203,,,,,,,,,,,,,,,,,,,,,,,,,,,,,,,,,,,,,,,,,,,,,,,,,7.7,9.6,11,10.5,,
204,,,,,,,,,,,,,,,,,,,,,,,,,,,,,,,,,,,,,,,,,,,,,,,,,7.6,9.5,10.9,10.2,,
205,,,,,,,,,,,,,,,,,,,,,,,,,,,,,,,,,,,,,,,,,,,,,,,,,7.5,9.3,10.8,10.1,,
206,,,,,,,,,,,,,,,,,,,,,,,,,,,,,,,,,,,,,,,,,,,,,,,,,7.4,9.1,10.7,10,,
207,,,,,,,,,,,,,,,,,,,,,,,,,,,,,,,,,,,,,,,,,,,,,,,,,7.3,8.9,10.5,9.9,,
208,,,,,,,,,,,,,,,,,,,,,,,,,,,,,,,,,,,,,,,,,,,,,,,,,,8.8,10.3,9.8,,
209,,,,,,,,,,,,,,,,,,,,,,,,,,,,,,,,,,,,,,,,,,,,,,,,,,8.7,10.1,9.7,,
210,,,,,,,,,,,,,,,,,,,,,,,,,,,,,,,,,,,,,,,,,,,,,,,,,,8.7,9.9,9.6,,
211,,,,,,,,,,,,,,,,,,,,,,,,,,,,,,,,,,,,,,,,,,,,,,,,,,8.7,9.8,9.4,,
212,,,,,,,,,,,,,,,,,,,,,,,,,,,,,,,,,,,,,,,,,,,,,,,,,,8.5,9.7,9.3,,
213,,,,,,,,,,,,,,,,,,,,,,,,,,,,,,,,,,,,,,,,,,,,,,,,,,8.3,9.6,9.2,,
214,,,,,,,,,,,,,,,,,,,,,,,,,,,,,,,,,,,,,,,,,,,,,,,,,,8.2,9.5,9.2,,
215,,,,,,,,,,,,,,,,,,,,,,,,,,,,,,,,,,,,,,,,,,,,,,,,,,8.1,9.4,9.1,,
216,,,,,,,,,,,,,,,,,,,,,,,,,,,,,,,,,,,,,,,,,,,,,,,,,,,9.2,8.9,,
217,,,,,,,,,,,,,,,,,,,,,,,,,,,,,,,,,,,,,,,,,,,,,,,,,,,9.1,8.8,,
218,,,,,,,,,,,,,,,,,,,,,,,,,,,,,,,,,,,,,,,,,,,,,,,,,,,9,8.7,,
219,,,,,,,,,,,,,,,,,,,,,,,,,,,,,,,,,,,,,,,,,,,,,,,,,,,8.8,8.6,,
220,,,,,,,,,,,,,,,,,,,,,,,,,,,,,,,,,,,,,,,,,,,,,,,,,,,8.7,8.5,,
221,,,,,,,,,,,,,,,,,,,,,,,,,,,,,,,,,,,,,,,,,,,,,,,,,,,8.5,8.4,,
222,,,,,,,,,,,,,,,,,,,,,,,,,,,,,,,,,,,,,,,,,,,,,,,,,,,8.4,8.3,,
223,,,,,,,,,,,,,,,,,,,,,,,,,,,,,,,,,,,,,,,,,,,,,,,,,,,8.3,8.2,,
224,,,,,,,,,,,,,,,,,,,,,,,,,,,,,,,,,,,,,,,,,,,,,,,,,,,8.2,8.1,,
225,,,,,,,,,,,,,,,,,,,,,,,,,,,,,,,,,,,,,,,,,,,,,,,,,,,8.2,8,,
226,,,,,,,,,,,,,,,,,,,,,,,,,,,,,,,,,,,,,,,,,,,,,,,,,,,8.2,7.9,,
227,,,,,,,,,,,,,,,,,,,,,,,,,,,,,,,,,,,,,,,,,,,,,,,,,,,8,7.8,,
228,,,,,,,,,,,,,,,,,,,,,,,,,,,,,,,,,,,,,,,,,,,,,,,,,,,7.8,7.7,,
229,,,,,,,,,,,,,,,,,,,,,,,,,,,,,,,,,,,,,,,,,,,,,,,,,,,7.7,7.6,,
230,,,,,,,,,,,,,,,,,,,,,,,,,,,,,,,,,,,,,,,,,,,,,,,,,,,7.6,7.6,,
231,,,,,,,,,,,,,,,,,,,,,,,,,,,,,,,,,,,,,,,,,,,,,,,,,,,,7.5,,
232,,,,,,,,,,,,,,,,,,,,,,,,,,,,,,,,,,,,,,,,,,,,,,,,,,,,7.3,,
233,,,,,,,,,,,,,,,,,,,,,,,,,,,,,,,,,,,,,,,,,,,,,,,,,,,,7.2,,
234,,,,,,,,,,,,,,,,,,,,,,,,,,,,,,,,,,,,,,,,,,,,,,,,,,,,7.2,,
235,,,,,,,,,,,,,,,,,,,,,,,,,,,,,,,,,,,,,,,,,,,,,,,,,,,,7.2,,
